bar,o,h,l,c,vol,prof
2026-02-02|0,111.06,116.31,110.89,111.92,6927544,"1110:554,1111:1461,1112:845,1113:1983,1114:978,1115:2732,1116:1895,1117:1502,1118:1476,1119:1439,1120:989,1121:2829,1122:2085,1123:2110,1124:5990,1125:2056,1126:393,1127:1281,1128:595,1129:1650,1130:824,1131:2365,1132:650,1133:1212,1134:858,1135:1070,1136:2048,1137:1521,1138:286,1139:862,1140:3211,1141:2873,1142:2347,1143:3454,1144:1194,1145:1150,1146:470,1148:590,1149:1027,1150:515,1151:1658,1154:323,1155:781,1156:655,1158:984,1159:530,1160:953"
2026-02-02|1,111.9,112.93,110.46,112.85,4268430,"1105:2878,1106:643,1107:2507,1108:799,1109:814,1110:647,1111:1524,1112:308,1113:2313,1114:1234,1115:1540,1116:1884,1117:1626,1118:977,1119:1199,1120:3891,1121:1678,1122:3432,1123:2702,1124:4531,1125:1471,1126:217,1127:977,1128:2879"
2026-02-03|0,118.79,119.0,115.73,116.12,4558502,"1159:784,1160:252,1161:633,1162:1401,1163:1173,1164:1509,1165:3347,1166:3577,1167:1839,1168:1267,1169:2204,1170:1114,1171:1167,1172:2086,1173:2877,1174:1428,1175:2330,1176:1230,1177:1678,1179:2005,1180:1083,1181:1653,1182:1129,1183:1242,1184:677,1185:670,1186:4715,1187:502"
2026-02-03|1,116.11,117.7,114.76,117.13,4249793,"1150:788,1151:312,1152:126,1153:1221,1154:1111,1155:896,1156:1170,1157:1755,1158:686,1159:1174,1160:2969,1161:355,1162:959,1163:671,1164:892,1165:2841,1166:3669,1167:5417,1168:2927,1169:1758,1171:1326,1172:6356,1174:1771,1175:1338"
2026-02-04|0,120.77,120.77,113.53,113.73,4827152,"1137:295,1138:811,1139:317,1140:329,1141:791,1142:1514,1143:801,1144:1166,1145:837,1146:1171,1147:1071,1148:716,1149:420,1150:481,1151:1149,1152:522,1153:807,1154:1232,1155:2172,1156:1699,1157:1065,1158:1351,1159:874,1160:462,1162:230,1163:818,1164:1223,1165:1048,1166:1634,1168:303,1170:239,1171:378,1172:191,1173:591,1174:476,1176:815,1179:161,1181:188,1182:585,1183:456,1184:276,1185:175,1186:1212,1187:564,1188:1780,1189:1671,1190:623,1191:1443,1192:311,1193:246,1194:2505,1195:706,1197:498,1198:726,1200:416,1201:303,1204:3399"
2026-02-04|1,113.76,117.03,113.51,116.84,3871764,"1136:560,1137:597,1138:284,1139:1142,1140:1850,1141:2046,1142:827,1143:798,1144:949,1145:842,1146:345,1147:405,1148:314,1149:643,1150:431,1151:98,1152:691,1153:101,1154:187,1155:595,1156:232,1157:1132,1158:1298,1159:622,1160:1592,1161:990,1162:2304,1163:3962,1164:1302,1165:1213,1166:690,1167:1876,1168:6007,1169:1775"
2026-02-05|0,113.31,115.33,109.6,109.86,6028081,"1096:406,1097:408,1098:2702,1099:3251,1100:4948,1101:5714,1102:5809,1103:4015,1104:4549,1105:2091,1106:739,1107:1226,1109:355,1110:1971,1111:155,1112:562,1113:678,1114:186,1115:916,1116:930,1117:1366,1118:478,1119:278,1121:776,1122:957,1123:1289,1124:417,1125:1534,1128:345,1130:1577,1131:336,1132:1010,1134:2934,1136:789,1140:988,1142:505,1143:213,1144:385,1145:911,1146:529,1147:267,1148:257,1149:207,1151:297"
2026-02-05|1,109.86,110.28,108.05,108.53,6749597,"1080:386,1081:5973,1082:4709,1083:1700,1084:8710,1085:1810,1086:1021,1087:2820,1088:761,1089:2361,1090:2895,1091:3591,1092:4840,1093:4495,1094:8321,1095:5331,1096:461,1097:2145,1098:2828,1099:1804,1100:199,1101:325"
2026-02-06|0,110.35,114.99,110.35,114.48,4997437,"1114:2953,1123:317,1127:463,1128:223,1129:895,1130:390,1131:313,1132:987,1133:2812,1134:537,1135:2113,1136:2492,1137:4447,1138:3315,1139:5609,1140:2112,1141:4302,1142:3481,1143:1763,1144:4151,1145:2394,1146:1507,1147:759,1148:1627"
2026-02-06|1,114.47,115.48,114.22,115.31,3846896,"1142:440,1143:871,1144:766,1145:3168,1146:1881,1147:2814,1148:2580,1149:5501,1150:11407,1151:4398,1152:1262,1153:2900,1154:472"
2026-02-09|0,116.66,119.92,116.23,119.45,2851976,"1167:1729,1170:298,1174:200,1176:225,1178:486,1179:541,1181:254,1182:889,1183:1955,1184:636,1185:1040,1186:812,1187:1839,1188:825,1189:2070,1190:511,1191:1306,1192:786,1193:1107,1194:2786,1195:3572,1196:3198,1197:944,1198:498"
2026-02-09|1,119.45,121.11,118.22,120.74,2519702,"1186:1147,1188:77,1189:69,1190:412,1191:895,1192:1286,1193:1179,1194:415,1195:983,1196:484,1197:356,1198:674,1199:579,1200:164,1201:601,1202:443,1203:561,1204:286,1205:295,1206:2225,1207:4867,1208:2865,1209:2935,1210:1389"
2026-02-10|0,119.81,121.23,119.62,120.8,2256486,"1198:1408,1200:353,1201:956,1202:1016,1203:2662,1204:3981,1205:4466,1206:3232,1207:2582,1208:1165,1209:443,1210:295"
2026-02-10|1,120.81,121.73,119.9,121.49,3258437,"1199:113,1200:894,1201:951,1202:347,1203:970,1204:568,1205:1263,1206:1395,1207:1283,1208:896,1209:673,1210:1919,1211:2844,1212:3950,1213:2810,1214:4045,1215:7030,1216:623"
2026-02-11|0,125.0,125.2,121.4,123.91,2889518,"1215:196,1216:754,1217:1239,1218:1491,1219:1584,1220:2992,1221:903,1222:1774,1223:1113,1224:1539,1225:1227,1226:190,1227:648,1228:1534,1229:876,1230:985,1231:533,1232:768,1233:730,1234:688,1235:1212,1236:1293,1237:921,1238:419,1239:123,1241:243,1242:302,1250:2604"
2026-02-11|1,123.97,124.75,122.66,124.54,2450664,"1227:82,1228:962,1229:1054,1230:485,1231:1116,1232:1077,1233:796,1234:1204,1235:1359,1236:850,1237:926,1238:2354,1239:3427,1240:1782,1241:289,1242:270,1243:1851,1244:758,1245:974,1246:2880"
2026-02-12|0,122.9,125.53,118.9,121.44,4332076,"1191:364,1192:687,1193:515,1194:396,1195:1155,1196:1025,1197:2145,1198:156,1199:454,1200:382,1201:827,1202:1582,1203:1155,1204:132,1205:1339,1206:533,1207:528,1208:1690,1209:1225,1210:751,1211:453,1212:109,1213:91,1214:85,1215:432,1216:627,1218:1096,1219:550,1220:642,1223:442,1224:498,1226:715,1227:1663,1229:501,1230:385,1231:333,1232:211,1233:263,1235:890,1236:243,1238:463,1239:683,1240:954,1241:2007,1242:1719,1243:2048,1244:2311,1245:1201,1246:808,1247:955,1248:451,1249:592,1250:723,1251:368,1252:73,1253:472,1254:196"
2026-02-12|1,121.5,121.5,118.04,118.11,3424945,"1180:2128,1181:868,1183:801,1184:349,1185:1822,1186:527,1187:708,1188:531,1189:752,1190:2681,1191:1571,1192:770,1193:565,1194:1342,1195:430,1196:1827,1197:1173,1198:944,1199:959,1200:1600,1201:2294,1202:1644,1203:793,1204:1183,1205:1024,1206:1123,1207:938,1208:836,1209:137,1210:759,1211:779,1212:231,1213:145"
2026-02-13|0,119.84,126.39,118.95,126.08,3540696,"1190:1843,1194:214,1198:286,1199:169,1200:178,1202:177,1204:105,1205:683,1206:165,1209:161,1211:528,1213:648,1215:207,1216:1241,1217:266,1219:855,1220:139,1221:176,1223:309,1225:1005,1229:798,1230:260,1231:702,1233:453,1234:779,1235:370,1236:93,1237:225,1238:815,1239:706,1240:617,1241:757,1242:728,1243:1934,1244:1676,1245:2024,1246:926,1247:2245,1248:1370,1249:4113,1250:357,1251:270,1252:1148,1254:158,1255:210,1256:113,1258:302,1259:118,1260:375,1261:1075,1262:310"
2026-02-13|1,126.11,126.26,124.99,125.82,2743499,"1250:115,1251:2026,1252:2437,1253:2555,1254:3418,1255:1988,1256:1921,1257:3681,1258:3135,1259:2757,1260:1547,1261:1591,1262:258"
2026-02-17|0,121.7,122.58,118.1,121.46,3989882,"1182:916,1183:297,1185:205,1187:795,1188:914,1189:2151,1190:1524,1191:874,1192:686,1193:1324,1194:1152,1195:197,1196:579,1197:1027,1198:1307,1199:642,1200:221,1201:142,1202:215,1203:323,1205:453,1207:2168,1208:314,1209:1342,1210:546,1211:1049,1212:309,1213:1370,1214:910,1215:1750,1216:3029,1217:6920,1218:2632,1219:907,1220:187,1222:503"
2026-02-17|1,121.43,123.64,121.35,122.33,2721355,"1214:272,1215:288,1216:108,1217:629,1218:328,1219:1178,1220:1716,1221:1512,1222:3880,1223:2310,1224:2022,1225:1631,1226:999,1227:1192,1228:1506,1229:887,1230:958,1231:1401,1232:1433,1233:1836,1234:1052,1235:66"
2026-02-18|0,125.11,127.34,123.45,126.35,2768988,"1238:205,1240:270,1241:528,1242:435,1243:221,1246:141,1247:126,1249:360,1250:3170,1252:412,1253:338,1254:133,1255:1282,1256:799,1257:690,1258:364,1259:1416,1260:1266,1261:1020,1262:1093,1263:962,1264:1028,1265:1569,1266:1378,1267:900,1268:1718,1269:2470,1270:1565,1271:1575,1272:243"
2026-02-18|1,126.33,126.64,123.91,124.7,2873178,"1240:1020,1241:813,1242:1058,1243:2097,1244:510,1245:988,1246:546,1247:1465,1248:5867,1249:3532,1250:1844,1251:895,1252:70,1253:75,1254:215,1255:539,1256:291,1257:391,1258:1824,1259:1308,1260:821,1261:703,1262:653,1263:421,1264:425,1265:347"
2026-02-19|0,122.01,126.02,122.0,124.92,2726959,"1223:2074,1224:482,1225:590,1226:600,1227:355,1228:391,1229:334,1230:194,1231:240,1232:375,1234:278,1235:139,1236:209,1237:154,1239:535,1240:476,1241:351,1242:1799,1243:734,1244:1004,1245:1579,1246:1546,1247:1381,1248:1367,1249:1629,1250:839,1251:396,1252:115,1253:161,1254:763,1255:1081,1256:851,1257:2247,1258:1910,1259:75"
2026-02-19|1,124.92,126.18,123.99,125.42,2841862,"1240:534,1241:942,1242:1367,1243:1522,1244:588,1245:2016,1246:1179,1247:941,1248:1113,1249:1929,1250:1740,1251:864,1252:751,1253:528,1254:4359,1255:1850,1256:757,1257:1725,1258:1027,1259:343,1260:2042,1261:292"
2026-02-20|0,122.35,125.63,118.67,122.8,5717166,"1188:292,1191:415,1193:272,1194:563,1195:353,1196:505,1197:211,1198:1487,1199:310,1200:1812,1201:1194,1202:1083,1203:1580,1204:3179,1205:705,1206:741,1207:2069,1208:1323,1209:1146,1210:1008,1211:706,1212:1164,1213:999,1214:1824,1215:1497,1216:1002,1217:846,1218:993,1219:1405,1220:3192,1221:8002,1222:1733,1223:127,1224:642,1225:306,1226:350,1227:168,1228:1412,1229:742,1231:511,1232:1309,1233:851,1234:581,1235:685,1236:1054,1237:195,1238:1035,1239:583,1246:1166,1247:1306,1251:514"
2026-02-20|1,122.81,123.34,121.64,122.14,3281674,"1217:398,1218:335,1219:272,1220:1866,1221:1219,1222:3382,1223:613,1224:1579,1225:4599,1226:3854,1227:2849,1228:3813,1229:3181,1230:2900,1231:1430,1232:521"
2026-02-23|0,123.36,126.23,122.0,123.11,4101175,"1221:692,1223:217,1224:161,1226:147,1227:503,1228:1407,1229:891,1230:2964,1231:2107,1232:1297,1233:1695,1234:2462,1235:3698,1236:2709,1237:1319,1238:3677,1239:1748,1240:1204,1241:175,1242:1066,1243:1224,1244:291,1246:742,1247:268,1248:522,1250:421,1251:854,1252:1009,1253:819,1254:271,1255:1957,1257:1379,1258:527,1259:278,1260:294"
2026-02-23|1,123.14,124.56,122.76,124.29,3262584,"1228:420,1229:256,1231:377,1232:564,1233:448,1234:946,1235:226,1236:391,1237:1009,1238:1471,1239:3358,1240:4593,1241:7583,1242:5572,1243:3173,1244:2154,1245:75"
2026-02-24|0,120.52,123.56,119.12,123.3,3387944,"1193:655,1195:594,1198:394,1199:1510,1200:1493,1201:1300,1202:555,1203:1111,1204:2425,1205:376,1206:3318,1207:344,1209:928,1212:474,1214:653,1215:833,1216:324,1217:591,1218:174,1219:236,1221:474,1222:148,1223:207,1224:385,1225:1288,1226:1606,1227:1941,1228:1108,1229:1292,1230:1751,1231:2228,1232:1547,1233:1414,1234:186"
2026-02-24|1,123.3,124.76,123.14,124.09,3038832,"1232:503,1233:436,1234:1065,1235:1489,1236:1864,1237:2439,1238:1263,1239:7337,1240:1037,1241:2519,1242:3738,1243:1805,1244:2213,1245:1325,1246:883,1247:468"
2026-02-25|0,124.95,126.97,123.16,126.75,3346927,"1233:306,1234:221,1235:1207,1236:199,1237:156,1238:150,1239:852,1240:175,1242:1372,1243:300,1244:559,1245:878,1246:1384,1247:919,1248:550,1249:4518,1250:989,1251:2315,1252:2490,1253:188,1254:653,1255:308,1256:1233,1257:677,1258:358,1259:927,1260:441,1261:274,1262:191,1263:375,1264:1457,1265:2830,1266:2156,1267:1319,1268:333,1269:189"
2026-02-25|1,126.75,126.8,124.72,124.86,2762834,"1247:2973,1248:1367,1249:3160,1250:951,1251:826,1252:691,1253:374,1254:582,1255:2836,1256:2346,1257:1765,1258:2104,1259:1343,1260:818,1261:1185,1262:1113,1263:556,1264:524,1265:572,1266:916,1267:617"
2026-02-26|0,123.74,126.58,122.65,126.15,2649753,"1228:523,1229:1115,1230:468,1231:1620,1232:478,1233:990,1234:1226,1235:1311,1236:1409,1237:1044,1238:546,1239:1028,1240:385,1241:636,1242:610,1243:181,1244:240,1245:151,1247:204,1248:178,1249:401,1250:202,1252:211,1253:252,1254:1113,1255:883,1256:998,1257:218,1258:300,1259:1607,1260:2609,1261:1449,1262:581,1263:131,1264:1182"
2026-02-26|1,126.16,127.93,125.64,127.48,2693378,"1256:155,1257:348,1258:1496,1259:793,1260:432,1261:168,1262:43,1263:367,1264:395,1265:150,1266:388,1267:1294,1268:1529,1269:3079,1270:1249,1271:2746,1272:2376,1273:1775,1274:3439,1275:3193,1276:1078,1277:431"
2026-02-27|0,129.07,130.98,128.9,130.83,3523492,"1291:259,1293:1100,1294:740,1295:1458,1296:840,1297:1253,1298:2267,1299:717,1300:5667,1301:3205,1302:1923,1303:4620,1304:3861,1305:3336,1306:1385,1307:1161,1308:1382,1309:51"
2026-02-27|1,130.85,131.21,129.39,130.02,3996748,"1294:950,1295:729,1296:579,1297:1269,1298:1156,1299:1590,1300:7645,1301:5673,1302:4210,1303:3882,1304:1605,1305:2669,1306:1623,1307:2215,1308:2984,1309:578,1310:393,1311:210"
2026-03-02|0,131.57,131.98,124.43,127.62,5271661,"1245:353,1249:685,1252:878,1254:487,1256:376,1257:167,1258:742,1259:535,1260:547,1262:218,1264:593,1265:381,1266:609,1267:769,1268:345,1269:955,1270:1832,1271:1432,1272:1127,1273:1259,1274:978,1275:1283,1276:1374,1277:1155,1278:640,1279:1109,1280:1028,1281:895,1282:130,1283:337,1284:225,1285:307,1287:892,1288:1537,1289:551,1290:146,1293:272,1294:1851,1295:505,1296:436,1297:476,1298:761,1299:459,1300:668,1301:360,1302:632,1303:1791,1304:1267,1305:416,1306:252,1307:897,1308:398,1309:1363,1310:3740,1311:8428,1312:227,1313:610"
2026-03-02|1,127.6,129.49,126.54,128.77,3188011,"1266:272,1267:960,1268:362,1269:938,1270:1664,1271:806,1272:2174,1273:1298,1274:1317,1275:1482,1276:538,1277:353,1279:169,1280:148,1281:234,1282:170,1283:529,1284:2197,1285:930,1286:2125,1287:3968,1288:1990,1289:2507,1290:2351,1291:645,1292:802,1293:850,1294:89"
2026-03-03|0,120.37,120.89,115.88,118.58,7090547,"1160:966,1161:123,1162:1288,1163:875,1164:1818,1165:457,1166:658,1167:1997,1168:571,1169:914,1170:3578,1171:5130,1172:813,1173:1426,1174:3084,1175:3550,1176:284,1177:1503,1178:1334,1179:1991,1180:1779,1182:650,1183:1459,1184:283,1185:2452,1186:4660,1187:2579,1188:1474,1189:2197,1190:3624,1191:3382,1192:1145,1193:1153,1194:1728,1195:1237,1196:1441,1197:1726,1198:313,1201:556,1204:4691"
2026-03-03|1,118.58,118.83,117.19,118.5,4922317,"1173:1664,1174:1780,1175:3570,1176:6284,1177:4750,1178:3186,1179:3403,1180:4354,1181:4026,1182:1693,1183:3706,1184:9601,1185:405,1186:382,1187:410"
2026-03-04|0,121.43,121.74,119.58,119.84,3045916,"1196:77,1197:763,1198:77,1199:698,1200:1429,1201:441,1202:1553,1203:873,1204:1281,1205:1619,1206:2271,1207:6266,1208:3154,1209:5067,1210:927,1211:1358,1212:756,1213:616,1214:632,1215:453,1216:139"
2026-03-04|1,119.84,120.41,118.88,119.37,3210805,"1189:413,1190:665,1191:662,1192:5319,1193:1291,1194:1849,1195:6563,1196:3072,1197:2785,1198:2701,1199:1446,1200:1197,1201:2148,1202:864,1203:1128"
2026-03-05|0,118.08,118.11,114.7,114.92,3928209,"1148:961,1149:1105,1150:2625,1151:1049,1152:1944,1153:1632,1154:709,1155:1296,1156:733,1157:1178,1158:1344,1159:1384,1160:1244,1161:1426,1162:982,1163:2636,1164:2890,1165:3376,1166:1721,1167:282,1168:1251,1169:782,1170:661,1171:1339,1172:328,1173:412,1174:153,1175:419,1176:577,1178:873,1179:1954"
2026-03-05|1,114.99,116.2,114.11,116.06,4052219,"1142:654,1143:921,1144:856,1145:1553,1146:2550,1147:931,1148:4207,1149:2647,1150:2967,1151:857,1152:1738,1153:2856,1154:5034,1155:4411,1156:1275,1158:342,1159:1695,1160:3319,1161:1700"
2026-03-06|0,113.65,117.58,113.12,115.39,3653634,"1133:729,1135:186,1136:883,1137:474,1138:742,1139:295,1140:657,1141:1134,1142:285,1143:281,1144:1823,1145:348,1146:879,1147:647,1148:288,1149:314,1150:249,1152:227,1153:53,1154:831,1155:568,1156:1375,1157:1046,1158:1654,1159:815,1160:657,1161:1495,1162:269,1163:174,1164:1294,1165:1074,1166:1601,1167:3449,1168:819,1169:2059,1170:2074,1171:1994,1172:583,1173:1360,1174:174,1175:661"
2026-03-06|1,115.41,116.93,115.29,116.3,2799575,"1153:146,1154:85,1155:336,1156:730,1157:174,1158:1080,1159:1350,1160:2473,1161:5009,1162:6294,1163:3839,1164:3226,1165:1807,1166:1167,1167:76,1168:196"
2026-03-09|0,112.32,113.9,109.3,113.52,4256995,"1094:686,1096:510,1097:591,1100:967,1102:382,1104:181,1105:194,1106:656,1107:440,1108:978,1109:1687,1110:1001,1111:250,1112:1440,1113:1459,1114:2169,1115:693,1116:1609,1117:1094,1118:883,1119:1032,1120:2729,1121:3962,1122:3259,1123:2621,1124:612,1125:750,1126:2439,1127:521,1128:1445,1129:384,1130:1109,1131:1595,1132:849,1133:384,1134:311,1135:460,1136:217"
2026-03-09|1,113.53,117.09,113.04,116.97,3003741,"1131:296,1132:1336,1133:2158,1134:2399,1135:1259,1136:723,1137:254,1138:290,1139:419,1140:586,1141:704,1142:387,1143:378,1144:486,1145:466,1146:518,1147:619,1148:1008,1149:1038,1150:559,1151:290,1152:138,1154:241,1158:313,1159:384,1160:340,1161:144,1162:440,1163:449,1164:1494,1165:3800,1166:1822,1167:347,1168:1060,1169:1474,1170:1398"
2026-03-10|0,118.02,120.34,117.0,119.03,3152348,"1177:296,1179:495,1180:776,1181:262,1182:177,1183:976,1184:495,1185:2939,1186:2473,1187:1045,1188:2418,1189:1859,1190:2017,1191:2987,1192:3111,1193:2007,1194:1741,1195:1909,1196:387,1197:234,1198:910,1199:1046,1200:512,1201:142,1202:298"
2026-03-10|1,118.99,120.22,118.04,118.86,3077317,"1181:354,1182:1077,1183:2527,1184:886,1185:1932,1186:1130,1187:1713,1188:3261,1189:705,1190:1310,1191:558,1192:1604,1193:1731,1194:1345,1195:2425,1196:3069,1197:1053,1198:742,1199:933,1200:1629,1201:778"
2026-03-11|0,116.39,116.66,113.61,115.23,3738309,"1136:135,1137:811,1138:1482,1139:1401,1140:1123,1141:2223,1142:2318,1143:673,1144:753,1145:916,1146:958,1147:1273,1148:993,1149:481,1150:1155,1151:546,1152:1925,1153:2317,1154:997,1155:898,1156:1156,1157:810,1158:2150,1159:534,1160:3686,1161:1584,1162:658,1163:2098,1164:994,1165:319"
2026-03-11|1,115.23,116.53,114.81,116.19,3610094,"1149:128,1150:901,1151:1336,1152:2703,1153:1602,1154:2518,1155:534,1156:1281,1157:1280,1158:1885,1159:4259,1160:3725,1161:2376,1162:6244,1163:3835,1164:1485"
2026-03-12|0,116.92,117.07,113.72,115.33,3671526,"1138:1032,1141:1006,1142:1305,1143:992,1144:2521,1145:1807,1146:2124,1147:1593,1148:1570,1149:1700,1150:1746,1151:2414,1152:480,1153:1782,1154:1065,1155:964,1156:1580,1157:617,1158:1301,1159:644,1160:1178,1161:1007,1162:195,1163:423,1164:1157,1165:1248,1166:384,1167:835,1169:2032"
2026-03-12|1,115.28,115.28,113.8,114.43,3376023,"1138:168,1139:189,1140:1121,1141:904,1142:2955,1143:6681,1144:6019,1145:2255,1146:2904,1147:3150,1148:4295,1149:1502,1150:1282,1151:235,1152:92"
2026-03-13|0,114.58,114.58,108.93,110.0,5034225,"1090:470,1091:238,1092:169,1093:820,1094:2892,1095:3503,1096:1639,1097:2625,1098:1926,1099:2974,1100:1176,1101:244,1102:957,1103:1041,1104:1065,1105:1487,1106:1527,1107:1389,1108:547,1109:2518,1110:1209,1111:2025,1112:1264,1113:2659,1114:474,1115:902,1116:261,1118:676,1119:183,1120:256,1123:279,1124:143,1125:170,1126:1077,1129:1200,1130:545,1131:683,1132:789,1133:228,1134:496,1135:943,1136:590,1137:857,1138:521,1140:970,1141:1715"
2026-03-13|1,110.06,110.75,108.8,109.54,4156051,"1088:708,1089:287,1090:549,1091:1991,1092:938,1093:3174,1094:3907,1095:6292,1096:1655,1097:3201,1098:3297,1099:4300,1100:2439,1101:3210,1102:2355,1103:1598,1104:1229,1105:287,1106:133"
2026-03-16|0,108.44,112.14,108.25,108.91,4423558,"1083:145,1084:229,1085:1171,1086:398,1087:686,1088:262,1089:806,1090:871,1091:1114,1092:5368,1093:2019,1094:983,1095:2179,1096:1991,1097:2375,1098:2016,1099:2880,1100:1533,1101:182,1102:1303,1103:483,1104:388,1105:1505,1106:789,1107:805,1108:1056,1109:446,1110:313,1111:431,1112:327,1113:329,1114:1925,1115:265,1116:1300,1117:1680,1118:2242,1119:1422"
2026-03-16|1,108.89,110.33,108.75,110.19,3595395,"1088:548,1089:1164,1090:137,1091:699,1092:611,1093:331,1094:328,1095:969,1096:3204,1097:4526,1098:11516,1099:6890,1100:598,1101:2393,1102:2032"
2026-03-17|0,111.22,112.57,109.71,110.84,2991457,"1098:920,1099:333,1100:965,1101:691,1102:341,1103:450,1104:472,1105:591,1106:1079,1107:1671,1108:1836,1109:1378,1110:1173,1111:1233,1112:252,1113:1768,1114:426,1115:403,1116:363,1117:524,1118:1635,1119:3403,1120:2037,1121:1916,1122:2069,1123:1536,1124:227,1125:208"
2026-03-17|1,110.86,111.17,110.25,111.04,2405711,"1103:3413,1104:3229,1105:4808,1106:1575,1107:2944,1108:2816,1109:3853,1110:461,1111:115,1112:837"
2026-03-18|0,106.93,108.25,105.71,107.73,3652055,"1059:504,1060:438,1061:1340,1062:1638,1063:1282,1064:508,1066:1914,1067:1605,1068:2217,1069:1382,1070:2669,1071:4072,1072:2691,1073:1692,1074:925,1075:2205,1076:2601,1077:2120,1078:4142,1079:493,1080:72"
2026-03-18|1,107.75,107.87,105.32,106.5,5426394,"1054:1037,1055:867,1056:466,1057:909,1058:1348,1059:4006,1060:6917,1061:5539,1062:2855,1063:4387,1064:5803,1065:472,1066:1073,1067:1692,1068:1242,1069:1112,1070:871,1071:3430,1072:1351,1073:675,1074:1329,1075:3262,1076:1568,1077:1756,1078:286"
2026-03-19|0,96.2,99.79,95.79,97.73,11284453,"965:814,967:801,968:4086,969:3144,970:11595,971:9088,972:4736,973:5660,974:8018,975:6252,976:4206,977:664,978:2973,979:2143,980:1986,981:2273,982:2973,983:2992,984:4966,985:3140,986:2900,987:3886,988:6792,989:4696,990:2634,991:3594,992:2688,993:1200,994:1525,996:402"
2026-03-19|1,97.76,99.2,96.79,99.17,7307160,"968:431,969:5524,970:3933,971:9876,972:5719,973:5704,974:3357,975:1545,976:444,978:384,979:1961,980:1232,981:3082,982:4838,983:5439,984:5304,985:1756,986:1145,989:5147,990:6240"
2026-03-20|0,99.69,99.87,95.92,96.34,6473533,"960:689,961:1857,962:3723,963:7037,964:4658,965:6602,966:4306,967:3855,968:1326,969:2118,970:2292,971:1935,972:2395,973:1603,974:1177,975:980,976:520,978:176,979:294,981:256,984:984,985:516,986:1499,987:519,988:270,989:662,996:12256,1000:217"
2026-03-20|1,96.31,96.71,94.34,95.78,7346530,"944:1881,945:568,946:1008,947:1526,948:4628,949:4584,950:4276,951:4707,952:2670,953:5603,954:8315,955:1478,956:4675,957:8465,958:4138,959:2703,960:2111,961:2932,962:1357,963:1088,964:3204,965:1171,966:366"
2026-03-23|0,95.87,100.61,95.85,98.07,6600729,"964:5235,972:370,973:457,974:803,975:1171,976:1159,977:2543,978:2361,979:4633,980:1666,981:556,982:1560,983:309,984:1152,985:2065,986:230,987:269,989:1816,990:1160,991:864,992:1556,993:2937,994:3328,995:2554,996:2215,997:5399,998:6089,999:3481,1000:2938,1001:2086,1002:973,1003:1048,1004:1011"
2026-03-23|1,98.04,99.04,97.58,98.11,5181004,"976:359,977:727,978:630,979:6498,980:7319,981:7180,982:4928,983:4228,984:3817,985:3895,986:3997,987:2999,988:3234,989:1992"
2026-03-24|0,97.28,98.59,95.42,98.39,5062421,"956:875,957:548,958:884,959:1394,960:1119,961:533,962:1450,963:226,964:353,965:796,966:1720,967:337,968:265,969:2440,970:1552,971:1901,972:244,973:4165,974:2117,975:762,976:3285,977:2775,978:2920,979:4169,980:2813,981:4941,982:1852,983:1763,984:1263,985:1148"
2026-03-24|1,98.43,99.44,97.56,99.03,4196299,"976:187,977:669,978:2946,979:970,980:2254,981:2479,982:1075,983:1961,984:1787,985:972,986:491,987:1467,988:2122,989:7592,990:6707,991:6185,992:1765,993:324"
2026-03-25|0,103.94,103.94,101.24,102.46,4168810,"1013:255,1014:407,1015:911,1016:985,1017:1780,1018:2929,1019:3471,1020:2980,1021:1703,1022:1236,1023:1277,1024:3547,1025:4281,1026:4463,1027:3406,1028:1838,1029:515,1030:629,1032:5066"
2026-03-25|1,102.45,102.97,101.3,101.53,3970113,"1013:351,1014:4993,1015:6611,1016:1084,1017:98,1018:653,1019:1375,1020:2357,1021:5792,1022:3864,1023:6557,1024:1372,1025:974,1026:939,1027:1312,1028:695,1029:666"
2026-03-26|0,98.99,101.99,98.73,99.31,3576032,"988:406,989:155,990:1950,991:750,992:228,993:398,994:1470,995:791,997:1654,999:313,1000:940,1001:891,1002:615,1003:197,1004:174,1005:794,1006:402,1007:496,1008:1437,1009:1639,1010:2932,1011:3579,1012:859,1013:2153,1014:1501,1015:3646,1016:2692,1017:2312,1018:371"
2026-03-26|1,99.35,100.24,99.0,99.38,3570808,"990:1297,991:2192,992:6524,993:5169,994:4968,995:2760,996:2390,997:2425,998:1926,999:1751,1000:2559,1001:1741"
2026-03-27|0,98.81,103.5,98.51,102.22,4469535,"989:1576,990:461,992:213,993:782,994:528,995:1625,996:1369,997:1405,998:1493,999:1002,1000:426,1001:844,1002:535,1003:422,1004:2210,1005:1019,1006:1509,1007:617,1008:478,1009:412,1010:243,1011:695,1013:305,1015:257,1017:390,1019:497,1020:528,1021:396,1022:1123,1023:1838,1024:2581,1025:2453,1026:2806,1027:2267,1028:1729,1029:3287,1030:1567,1031:799,1032:1990"
2026-03-27|1,102.2,102.57,101.39,102.08,3786165,"1014:461,1015:3133,1016:5444,1017:7026,1018:4421,1019:10547,1020:3238,1021:1268,1022:1214,1023:735,1024:368"
2026-03-30|0,104.79,106.03,103.05,104.05,5218675,"1032:774,1033:623,1034:214,1036:2312,1037:2594,1038:2182,1039:4832,1040:3560,1041:4972,1042:5405,1043:1570,1044:3793,1045:322,1046:1717,1047:3245,1048:1993,1049:5837,1050:1169,1051:5064"
2026-03-30|1,104.05,104.08,101.93,103.09,3145440,"1019:218,1020:558,1021:1209,1022:1049,1023:1710,1024:1289,1025:350,1026:2644,1027:2313,1028:952,1029:2251,1030:3978,1031:2806,1032:3009,1033:2011,1034:1591,1035:887,1036:857,1037:553,1038:348,1039:405,1040:455"
2026-03-31|0,105.15,108.09,105.15,107.79,4251272,"1055:1742,1056:615,1057:560,1058:155,1059:2031,1060:1456,1061:3395,1062:3347,1063:3613,1064:5377,1065:1527,1066:2271,1067:3361,1068:1817,1069:2420,1070:983,1071:1051,1072:2246,1073:1514,1074:236,1075:768,1076:1253,1078:762"
2026-03-31|1,107.75,108.42,107.15,108.23,4407571,"1073:243,1074:997,1075:1110,1076:2676,1077:4280,1078:6307,1079:8342,1080:8689,1081:7326,1082:2333,1083:1767"
2026-04-01|0,112.59,115.44,110.73,114.72,5588833,"1112:1211,1113:358,1114:471,1115:984,1116:3283,1117:4772,1118:3628,1119:714,1120:622,1121:814,1122:1043,1123:514,1124:373,1126:192,1127:696,1128:6646,1129:560,1130:1060,1131:574,1132:841,1133:1024,1134:1310,1135:459,1136:629,1137:658,1138:850,1139:1905,1140:339,1141:741,1142:1190,1143:1149,1144:3331,1145:3333,1146:2132,1147:1577,1148:700,1149:984,1150:889,1151:1767,1152:927,1153:430,1154:188"
2026-04-01|1,114.71,115.57,113.52,113.79,4344120,"1135:1480,1136:971,1137:3951,1138:2156,1139:2137,1140:1981,1141:5211,1142:4679,1143:2854,1144:2079,1145:226,1146:149,1147:720,1148:1010,1149:234,1150:1105,1151:1564,1152:3470,1153:3751,1154:3241,1155:463"
2026-04-02|0,109.3,115.25,108.8,113.93,5162760,"1092:2778,1109:1396,1110:784,1111:506,1112:1103,1113:1044,1114:1033,1115:251,1116:686,1117:382,1119:1072,1120:316,1124:666,1126:1304,1127:1335,1128:893,1129:1492,1130:619,1131:1763,1132:636,1133:2897,1134:2831,1135:3330,1136:4043,1137:4424,1138:1612,1139:3547,1140:1918,1141:1440,1142:1027,1143:664,1144:1201,1145:764,1146:205,1149:1650"
2026-04-02|1,113.89,114.42,113.45,114.06,2639871,"1135:349,1136:1577,1137:4073,1138:4396,1139:5006,1140:1832,1141:6135,1142:2799,1143:228"
2026-04-06|0,113.62,114.72,112.1,113.2,2266623,"1122:316,1123:267,1124:779,1125:1461,1126:1537,1127:1926,1128:2276,1129:1488,1130:2664,1131:2872,1132:1207,1133:1259,1134:1820,1135:317,1136:211,1138:147,1139:1394,1140:169,1141:236,1145:310"
2026-04-06|1,113.16,113.42,112.5,112.82,1833883,"1125:133,1126:2246,1127:2514,1128:1234,1129:1907,1130:3233,1131:3578,1132:2578,1133:912"
2026-04-07|0,113.0,114.6,111.37,113.53,3789669,"1116:273,1117:657,1118:234,1120:707,1121:1419,1123:777,1124:509,1126:1153,1127:1815,1128:1941,1129:3631,1130:624,1131:1543,1132:2444,1133:4032,1134:2230,1135:1262,1136:2526,1137:3351,1138:1017,1139:1269,1140:2081,1141:1884,1142:112,1144:393"
2026-04-07|1,113.53,114.68,112.94,114.65,2752410,"1130:785,1131:1158,1132:440,1133:1418,1134:995,1135:1999,1136:982,1137:870,1138:1948,1139:3346,1140:3578,1141:1412,1142:1912,1143:2263,1144:2764,1145:1648"
2026-04-08|0,121.37,122.0,116.51,118.61,4350131,"1166:351,1167:305,1168:878,1169:775,1170:797,1171:1085,1172:812,1173:582,1174:294,1175:264,1176:1020,1177:868,1178:1288,1179:1060,1180:1318,1181:2079,1182:2046,1183:2341,1184:2368,1185:1920,1186:1760,1187:1840,1188:1361,1189:2227,1190:2601,1191:889,1198:518,1200:266,1202:1252,1210:1509,1212:603,1214:1593,1216:4612"
2026-04-08|1,118.65,118.78,116.94,118.15,2806567,"1169:341,1170:1327,1171:458,1172:449,1173:1613,1174:2523,1175:644,1176:781,1177:1577,1178:2420,1179:931,1180:3577,1181:2009,1182:732,1183:1988,1184:1855,1185:2104,1186:2498,1187:229"
2026-04-09|0,117.97,119.99,117.57,118.52,3122433,"1179:1248,1180:780,1181:978,1182:1069,1183:1428,1184:2031,1185:4284,1186:2653,1187:3021,1188:1644,1189:3624,1190:3644,1191:996,1192:1639,1194:415,1195:470,1196:648,1197:174,1198:469"
2026-04-09|1,118.53,119.51,118.25,119.0,2186821,"1182:117,1183:529,1184:1761,1185:1474,1186:676,1187:1806,1188:2598,1189:1102,1190:3333,1191:330,1192:3017,1193:3554,1194:1564"
2026-04-10|0,119.52,121.92,119.52,120.58,2515370,"1200:1158,1201:176,1203:262,1204:503,1205:1799,1206:2520,1207:1307,1208:2600,1209:1721,1210:2047,1211:2007,1212:1638,1213:1934,1214:1919,1215:799,1216:1668,1217:900,1218:187"
2026-04-10|1,120.57,121.14,120.25,120.84,2334328,"1202:254,1203:1704,1204:1928,1205:1829,1206:1528,1207:4478,1208:5030,1209:5342,1210:1164,1211:81"
2026-04-13|0,118.22,119.99,115.5,116.68,3231525,"1155:215,1156:750,1157:2527,1158:3865,1159:1895,1160:243,1161:453,1162:1660,1163:1295,1164:1353,1165:1798,1166:904,1167:426,1169:133,1170:437,1171:137,1172:362,1173:1410,1174:180,1175:843,1176:238,1177:222,1178:663,1179:1445,1180:1016,1181:114,1182:850,1183:661,1185:364,1187:343,1188:492,1189:296,1190:2064,1191:81,1192:53,1193:276,1194:431,1195:1080,1196:513,1197:211"
2026-04-13|1,116.64,117.16,116.28,116.49,2843209,"1163:526,1164:450,1165:2785,1166:3006,1167:6254,1168:5823,1169:6060,1170:2890,1171:633"
2026-04-14|0,118.4,120.22,117.45,118.45,3317245,"1177:396,1179:239,1180:2218,1183:300,1184:1646,1185:3038,1186:2884,1187:1626,1188:1880,1189:3156,1190:2676,1191:2878,1192:1540,1193:431,1194:494,1195:244,1196:645,1197:344,1198:1916,1199:2490,1200:1418,1201:703"
2026-04-14|1,118.45,119.32,118.22,119.3,2295043,"1182:408,1183:1096,1184:845,1185:1871,1186:2069,1187:3426,1188:2896,1189:3603,1190:1913,1191:2821,1192:1996"
2026-04-15|0,117.4,117.51,113.33,113.61,4968114,"1134:1255,1135:4354,1136:1170,1137:1242,1138:513,1139:1559,1140:595,1141:1191,1142:3178,1143:2147,1144:506,1145:2510,1146:840,1147:240,1148:2722,1149:3015,1150:2699,1151:2366,1152:4668,1153:2291,1154:1822,1155:308,1156:1642,1157:1611,1158:210,1159:2644,1160:294,1169:2077"
2026-04-15|1,113.62,114.33,112.99,113.05,2899050,"1130:2412,1131:540,1132:1542,1133:2714,1134:3698,1135:1243,1136:1466,1137:1969,1138:1656,1139:2820,1140:4349,1141:3747,1142:828"
2026-04-16|0,112.6,114.78,112.6,113.49,2762348,"1129:1241,1133:189,1134:776,1135:1211,1136:2592,1137:1131,1138:3011,1139:3715,1140:5673,1141:2274,1142:2421,1143:955,1144:914,1145:902,1146:527,1147:82"
2026-04-16|1,113.49,113.75,112.81,113.39,2488841,"1128:274,1129:259,1130:1146,1131:2249,1132:4957,1133:5015,1134:5701,1135:3515,1136:1475,1137:292"
2026-04-17|0,114.55,118.03,113.41,117.43,3563438,"1136:6503,1141:295,1143:446,1144:455,1145:393,1146:84,1147:595,1148:773,1150:394,1151:593,1152:231,1154:1287,1155:461,1157:280,1158:529,1160:506,1162:2149,1163:1476,1164:1763,1165:2232,1166:852,1167:1041,1168:348,1169:1467,1170:1649,1171:1513,1172:1001,1173:1366,1174:1391,1175:1060,1176:526,1177:527,1178:714,1179:717"
2026-04-17|1,117.4,117.71,116.3,116.48,1756356,"1163:543,1164:1563,1165:3397,1166:3310,1167:3576,1168:1484,1169:569,1170:1288,1171:482,1173:236,1174:418,1175:350,1176:339"
2026-04-20|0,114.69,115.14,113.23,114.37,2874722,"1135:964,1137:486,1138:1042,1139:1639,1140:3436,1141:2731,1142:2503,1143:4019,1144:2451,1145:1525,1146:1588,1147:4460,1148:1707,1149:189"
2026-04-20|1,114.38,115.09,114.08,114.86,2105535,"1140:78,1141:1290,1142:2311,1143:3340,1144:1640,1145:1232,1146:669,1147:281,1148:3201,1149:5617,1150:1392"
2026-04-21|0,114.01,114.89,110.3,110.6,3169500,"1104:479,1105:1303,1106:2351,1107:2647,1108:2228,1109:2226,1110:2010,1111:482,1112:872,1113:1103,1114:227,1115:1021,1116:182,1117:97,1118:170,1119:157,1120:296,1123:1089,1124:121,1125:160,1127:288,1128:140,1129:119,1130:1174,1132:207,1133:707,1134:478,1135:977,1136:1106,1137:549,1138:264,1139:985,1140:2423,1141:172,1142:832,1143:688,1144:451,1145:282,1146:463,1147:149"
2026-04-21|1,110.59,110.87,109.17,109.29,2910348,"1092:3012,1093:1839,1094:1102,1095:1708,1096:2123,1097:1295,1098:1092,1099:711,1100:1912,1101:3463,1102:2922,1103:2184,1104:2524,1105:1896,1106:917,1107:350,1108:44"
2026-04-22|0,111.49,112.85,110.4,111.98,2753469,"1106:475,1107:442,1108:433,1109:646,1110:336,1111:198,1112:286,1113:269,1114:3130,1115:134,1116:1535,1117:700,1118:1119,1119:2040,1120:2223,1121:3287,1122:2567,1123:2204,1124:1900,1125:1591,1126:905,1127:1104"
2026-04-22|1,111.98,112.56,111.77,111.88,2065742,"1118:6350,1119:3886,1120:4117,1121:1513,1122:762,1123:2237,1124:1672,1125:116"
2026-04-23|0,110.33,111.04,109.33,109.8,2348142,"1093:153,1094:1546,1095:3931,1096:3830,1097:4500,1098:1124,1099:2693,1100:1025,1101:818,1102:666,1103:2217,1105:788,1106:63,1108:121"
2026-04-23|1,109.8,111.19,107.88,111.06,4897813,"1080:536,1081:183,1082:290,1083:549,1084:434,1085:399,1086:72,1087:1824,1088:1788,1089:2812,1090:2820,1091:678,1092:1428,1093:1439,1094:2244,1095:2600,1096:7447,1097:2884,1098:3569,1099:1430,1100:2408,1101:517,1102:640,1103:622,1104:710,1105:1114,1106:740,1108:1468,1110:5320"
2026-04-24|0,115.01,119.38,111.66,119.0,5896621,"1122:448,1123:1374,1132:829,1140:2252,1141:1123,1142:1224,1143:677,1144:4426,1148:1619,1149:290,1150:1614,1151:208,1154:385,1157:1954,1158:1090,1159:1221,1160:772,1161:292,1165:1038,1166:349,1168:452,1169:531,1170:265,1171:464,1172:377,1173:834,1174:696,1175:1368,1176:1150,1177:732,1178:1552,1179:1836,1180:2161,1181:1676,1182:1928,1183:2107,1184:1478,1185:990,1186:2194,1187:2369,1188:485,1189:3574,1190:3111,1191:1330,1192:1415,1193:684"
2026-04-24|1,118.99,120.83,118.94,120.67,3869313,"1189:75,1190:289,1191:1702,1192:1224,1193:288,1194:281,1195:818,1196:4137,1197:1811,1198:5025,1199:6914,1200:1537,1201:283,1202:310,1203:173,1204:5131,1205:1599,1206:5551,1207:1535"
2026-04-27|0,118.62,119.44,116.12,116.44,2977384,"1161:158,1162:649,1163:1313,1164:2505,1165:2944,1166:2141,1167:2995,1168:2644,1169:1999,1170:369,1171:323,1172:479,1173:979,1174:932,1175:194,1176:459,1177:1942,1178:1347,1179:1293,1180:911,1181:588,1182:118,1192:2479"
2026-04-27|1,116.43,116.77,115.74,116.08,2611380,"1157:219,1158:309,1159:417,1160:6607,1161:473,1162:3031,1163:6299,1164:5853,1165:2037,1166:585,1167:278"
2026-04-28|0,113.93,113.93,109.22,109.89,4550328,"1093:1277,1094:4995,1095:8458,1096:4803,1097:943,1098:1789,1099:1221,1100:3721,1101:370,1102:884,1103:107,1105:418,1106:747,1107:555,1108:134,1109:857,1110:792,1111:825,1112:909,1113:346,1114:183,1116:1076,1117:1268,1118:484,1119:737,1120:2096,1121:448,1122:527,1123:751,1124:759,1125:351,1126:370,1127:126,1128:1884,1129:273"
2026-04-28|1,109.87,110.5,109.42,109.9,3379425,"1094:534,1095:6498,1096:8566,1097:5992,1098:3443,1099:1321,1100:1643,1101:2519,1102:1980,1103:537,1104:755"
2026-04-29|0,108.15,109.02,106.87,107.63,2670761,"1069:912,1070:943,1071:1394,1072:1024,1073:3559,1074:2248,1075:3310,1076:2871,1077:2417,1078:1406,1079:1033,1080:2498,1081:815,1082:450,1084:632,1085:533,1086:344,1087:171,1088:137"
2026-04-29|1,107.6,107.99,107.06,107.63,2727532,"1071:606,1072:911,1073:1988,1074:2116,1075:10400,1076:4747,1077:4644,1078:1243,1079:615"
2026-04-30|0,109.5,111.63,108.89,110.42,3539335,"1090:140,1091:510,1092:204,1094:784,1095:1078,1096:570,1097:879,1098:1005,1099:929,1100:1247,1101:1060,1102:3432,1103:1279,1104:1886,1105:2321,1106:2031,1107:2987,1108:1752,1109:2003,1110:1473,1111:698,1112:2713,1113:2134,1114:929,1115:1337"
2026-04-30|1,110.43,111.45,110.34,111.08,2527088,"1103:204,1104:839,1105:2722,1106:2004,1107:1445,1108:2288,1109:2732,1110:6534,1111:3715,1112:2117,1113:571,1114:92"
2026-05-01|0,110.05,112.23,109.25,109.83,2137614,"1095:794,1096:1817,1097:2619,1098:2080,1099:1181,1100:2918,1101:977,1102:1458,1103:881,1104:576,1105:123,1106:345,1107:228,1108:345,1109:78,1110:740,1111:260,1112:749,1113:56,1114:863,1115:262,1117:559,1118:343,1119:537,1120:294,1121:280"
2026-05-01|1,109.82,110.64,108.51,108.61,2040846,"1085:1623,1086:976,1087:763,1088:725,1089:1400,1090:1403,1091:680,1092:731,1093:1160,1094:2217,1095:1640,1096:491,1097:79,1098:661,1099:1485,1100:1504,1101:745,1102:314,1103:1061,1104:358,1105:380"
2026-05-04|0,108.12,110.65,107.4,108.18,2629639,"1079:197,1080:1353,1082:103,1083:327,1084:320,1085:2096,1086:1030,1087:918,1088:2847,1089:804,1090:916,1091:774,1092:360,1093:258,1094:829,1095:832,1096:1642,1097:1537,1098:2732,1099:2005,1100:2187,1101:1088,1102:159,1103:230,1104:612,1105:129"
2026-05-04|1,108.18,108.94,107.77,108.33,2012509,"1078:1624,1079:2553,1080:2721,1081:3203,1082:1457,1083:1890,1084:1273,1085:933,1086:1321,1087:2615,1088:529"
2026-05-05|0,110.59,111.3,108.8,109.05,1802147,"1088:232,1089:333,1090:585,1091:67,1092:624,1093:507,1094:224,1095:514,1096:1998,1097:1806,1098:1027,1099:1992,1100:1907,1101:1775,1102:1947,1103:465,1104:318,1106:1464,1107:149,1109:76"
2026-05-05|1,109.08,109.57,108.83,109.01,1833499,"1088:1772,1089:4093,1090:3398,1091:856,1092:1605,1093:5554,1094:650,1095:404"
2026-05-06|0,115.11,115.94,113.72,113.95,2753062,"1137:213,1138:821,1139:1645,1140:1610,1141:664,1142:2423,1143:977,1144:473,1145:3335,1146:2722,1147:2300,1148:1843,1149:1066,1150:1235,1151:1147,1153:1308,1154:1698,1155:717,1156:341,1157:612,1158:372"
2026-05-06|1,113.95,115.32,113.76,115.09,2273477,"1138:348,1139:516,1140:2022,1141:1357,1142:2231,1143:2570,1144:1161,1145:1748,1146:541,1147:365,1148:2871,1149:1947,1150:3126,1151:1368,1152:557"
2026-05-07|0,118.58,119.76,115.4,115.58,3393181,"1154:582,1155:952,1156:852,1157:660,1158:1128,1159:317,1160:458,1161:341,1162:218,1163:556,1164:807,1166:159,1167:168,1169:132,1171:162,1172:107,1173:335,1174:1421,1175:1872,1176:2206,1177:2724,1178:1653,1179:1088,1180:1461,1181:2282,1182:2824,1183:1494,1184:1013,1185:581,1186:2426,1187:523,1189:429,1191:1325,1192:287,1195:374"
2026-05-07|1,115.59,115.67,113.32,113.44,2684422,"1134:3392,1136:935,1137:337,1138:2431,1139:3135,1140:3712,1141:1505,1142:78,1143:869,1144:1520,1145:966,1146:569,1147:771,1148:923,1149:1877,1150:973,1151:494,1152:376,1153:1198,1154:593,1155:80,1156:97"
2026-05-08|0,115.95,117.29,114.97,115.9,2071059,"1152:285,1153:651,1154:2735,1155:1151,1156:791,1157:1086,1158:965,1159:1477,1160:2054,1161:840,1162:737,1163:682,1164:2306,1165:639,1166:1558,1167:359,1168:1095,1170:664,1171:628"
2026-05-08|1,115.92,116.84,115.66,116.5,1707299,"1157:163,1158:474,1159:956,1160:473,1161:638,1162:1587,1163:2710,1164:3833,1165:2576,1166:1401,1167:2089,1168:166"
2026-05-11|0,117.12,121.17,116.99,119.83,3078295,"1171:1391,1180:408,1185:304,1187:385,1188:315,1190:174,1193:364,1194:704,1196:648,1197:880,1198:735,1199:1032,1200:2917,1201:2496,1202:2028,1203:3571,1204:1112,1205:2686,1206:3247,1207:1382,1208:1842,1209:1578,1210:449,1211:122"
2026-05-11|1,119.81,121.26,119.68,120.68,2321229,"1197:106,1198:94,1199:494,1200:1614,1201:2311,1202:782,1203:1310,1204:2187,1205:2999,1206:4109,1207:1851,1208:1785,1209:892,1210:1825,1211:608,1212:237"
2026-05-12|0,118.73,119.79,115.61,117.53,2175729,"1157:410,1158:464,1159:281,1160:340,1162:282,1163:308,1164:305,1165:589,1166:356,1167:385,1168:143,1169:420,1170:955,1171:757,1172:423,1173:655,1174:1000,1175:536,1176:656,1177:596,1178:128,1179:233,1180:1225,1181:699,1182:630,1183:655,1184:697,1185:602,1186:421,1187:150,1189:1058,1190:692,1191:684,1192:518,1193:1310,1194:900,1195:821,1196:454"
2026-05-12|1,117.55,120.21,117.15,119.7,2049630,"1172:235,1173:394,1174:46,1175:540,1176:224,1177:269,1178:322,1179:654,1180:1070,1181:1148,1182:918,1183:438,1184:458,1185:512,1186:1148,1187:1424,1188:1163,1189:299,1191:73,1192:263,1193:845,1194:820,1195:96,1196:109,1197:1449,1198:258,1199:1678,1200:2249,1201:1381"
2026-05-13|0,118.95,120.64,117.7,120.16,3099634,"1178:88,1179:300,1180:268,1181:102,1182:762,1183:123,1184:3204,1185:1154,1186:8118,1187:790,1188:678,1189:860,1190:2240,1191:2719,1192:2372,1193:921,1194:2200,1195:962,1196:354,1197:248,1198:56,1200:196,1201:229,1202:970,1203:559,1204:510"
2026-05-13|1,120.16,120.27,118.85,118.99,2065882,"1189:2002,1190:697,1191:2447,1192:3220,1193:1544,1194:1054,1195:455,1196:697,1197:4423,1198:1334,1199:1735,1200:451,1201:479,1202:114"
2026-05-14|0,119.02,119.07,115.43,116.29,1992188,"1154:140,1155:547,1157:374,1158:507,1159:1572,1160:2317,1161:2011,1162:2353,1163:1813,1164:1063,1165:1122,1166:454,1167:476,1168:598,1169:566,1170:691,1171:265,1172:555,1173:532,1174:209,1176:343,1178:176,1179:205,1188:1023"
2026-05-14|1,116.29,116.86,116.08,116.35,1613174,"1161:595,1162:456,1163:4438,1164:2571,1165:2812,1166:2737,1167:1795,1168:722"
2026-05-15|0,112.23,112.23,108.47,109.21,3680204,"1085:302,1086:525,1087:1145,1088:2225,1089:2073,1090:1742,1091:1278,1092:2075,1093:4125,1094:2192,1095:3907,1096:2142,1097:1605,1098:818,1099:1809,1100:1227,1101:775,1102:5186,1103:391,1104:716,1105:150,1106:384"
2026-05-15|1,109.18,109.74,108.53,109.04,3369608,"1085:880,1086:3333,1087:1834,1088:3017,1089:700,1090:6146,1091:3042,1092:3151,1093:3660,1094:4296,1095:2578,1096:1054"
2026-05-18|0,108.82,111.82,108.72,109.39,2722966,"1088:1889,1093:1108,1094:287,1095:977,1096:2991,1097:1564,1098:2698,1099:3572,1100:2527,1101:1790,1102:648,1103:1700,1104:667,1105:1407,1107:291,1108:159,1109:327,1110:799,1111:259,1112:549,1113:329,1114:161,1115:183,1116:339"
2026-05-18|1,109.38,110.25,108.94,109.83,2526374,"1089:222,1090:1211,1091:1709,1092:1791,1093:866,1094:1198,1095:1176,1096:2409,1097:3816,1098:8612,1099:1205,1100:1041"
2026-05-19|0,107.2,108.11,104.13,105.69,3921278,"1042:397,1043:1034,1044:948,1045:2696,1046:2238,1047:246,1048:923,1049:354,1050:1602,1051:2058,1052:2182,1053:3394,1054:843,1055:1848,1056:2883,1057:1678,1058:1417,1059:513,1061:567,1062:1269,1063:302,1064:3337,1065:1739,1066:624,1067:151,1068:469,1072:1082,1073:2280,1076:125"
2026-05-19|1,105.69,106.17,104.4,105.06,3203454,"1044:243,1045:4547,1046:2144,1047:1323,1048:2157,1049:3708,1050:6191,1051:2573,1052:485,1053:1421,1054:1970,1055:552,1056:682,1057:1152,1058:489,1059:1559,1060:550,1061:277"
2026-05-20|0,105.17,107.91,104.55,107.69,2681541,"1046:95,1047:528,1048:861,1049:902,1050:412,1051:1026,1052:764,1053:2119,1054:311,1055:971,1056:188,1057:395,1058:621,1059:454,1060:641,1061:347,1062:815,1063:1165,1064:204,1065:1501,1066:1599,1067:664,1068:181,1071:296,1072:1005,1073:510,1074:2645,1075:1344,1076:2334,1077:1609,1078:293"
2026-05-20|1,107.7,107.97,107.06,107.38,2433946,"1071:1265,1072:3317,1073:8548,1074:4349,1075:2369,1076:2745,1077:929,1078:813"
2026-05-21|0,106.48,108.0,104.62,107.06,1674519,"1057:160,1059:822,1060:294,1061:172,1062:474,1063:879,1064:180,1065:1154,1066:555,1067:1061,1068:2605,1069:999,1070:4118,1071:1734,1072:704,1073:70,1074:569,1075:105,1076:81"
2026-05-21|1,107.09,109.61,107.01,108.34,1828532,"1070:140,1071:758,1072:216,1073:225,1074:216,1075:162,1076:281,1078:80,1079:242,1080:444,1081:608,1082:1042,1083:3737,1084:3381,1085:1490,1086:855,1087:224,1088:493,1089:996,1090:1185,1091:683,1092:157,1093:508,1094:148"
2026-05-22|0,108.5,108.99,106.21,108.11,1848846,"1063:390,1064:821,1065:1258,1066:579,1067:591,1068:387,1069:1305,1070:2753,1071:794,1072:840,1073:844,1074:830,1075:671,1076:1088,1077:1945,1078:620,1079:534,1080:187,1081:628,1082:265,1083:42,1086:1107"
2026-05-22|1,108.13,109.06,107.58,107.63,1987835,"1076:2255,1077:1662,1078:2034,1079:321,1080:651,1081:516,1082:1898,1083:1668,1084:1440,1085:1033,1086:332,1087:1842,1088:3021,1089:1198"
2026-05-26|0,111.2,111.68,110.03,111.27,2638622,"1101:406,1102:536,1103:1246,1104:1367,1105:1984,1106:2610,1107:1771,1108:3328,1109:4233,1110:4607,1111:1134,1112:1679,1113:930,1114:410,1115:137"
2026-05-26|1,111.24,111.82,110.71,111.61,2100285,"1107:650,1108:1489,1109:2774,1110:3877,1111:1851,1112:954,1113:2441,1114:2033,1115:2464,1116:1582,1117:798,1118:85"
2026-05-27|0,108.0,109.9,107.62,107.98,2793596,"1076:152,1077:240,1078:183,1079:1396,1080:3059,1081:2643,1082:4116,1083:2313,1084:7780,1085:851,1086:1518,1087:1505,1088:1191,1089:140,1090:248,1093:68,1094:182,1096:227,1097:115"
2026-05-27|1,108.0,108.37,107.07,107.21,2629221,"1071:3874,1072:4660,1073:451,1074:811,1075:871,1076:719,1077:1974,1078:3925,1079:1274,1080:3026,1081:4011,1082:600,1083:89"
2026-05-28|0,105.25,108.39,103.62,108.13,2547296,"1036:518,1037:369,1038:676,1039:1040,1040:880,1041:981,1042:1244,1043:379,1044:113,1045:606,1047:1243,1050:204,1052:128,1054:1902,1055:100,1056:66,1057:191,1058:98,1059:305,1060:605,1061:136,1062:304,1063:411,1064:80,1065:971,1066:344,1067:750,1068:1406,1069:1706,1070:528,1071:1146,1072:1038,1073:530,1074:1615,1075:459,1076:489,1077:455,1078:200,1079:222,1080:163,1081:411,1082:219,1083:223"
2026-05-28|1,108.13,108.7,108.01,108.24,1911744,"1080:1214,1081:2464,1082:6065,1083:4818,1084:3491,1085:768,1086:293"
2026-05-29|0,108.0,111.93,107.42,110.64,2538238,"1075:191,1076:769,1077:769,1078:623,1079:1350,1080:462,1081:515,1082:2238,1083:1482,1084:1060,1085:794,1086:192,1089:756,1093:229,1095:450,1096:202,1097:129,1099:287,1100:832,1101:2255,1102:1773,1103:766,1104:1408,1105:508,1106:574,1107:767,1108:403,1109:536,1110:649,1111:92,1112:740,1113:339,1114:186,1116:388,1117:252,1118:397"
2026-05-29|1,110.64,110.67,109.46,109.85,2985254,"1094:321,1095:6160,1096:4824,1097:5212,1098:3562,1099:1419,1101:2983,1102:1274,1103:278,1104:1729,1105:1889,1106:195"
2026-06-01|0,105.0,107.85,105.0,107.16,2663900,"1052:268,1053:849,1054:727,1055:2877,1056:601,1057:649,1058:119,1059:750,1060:1374,1061:1790,1062:696,1063:1671,1064:1638,1065:276,1066:440,1067:1770,1068:582,1069:1202,1070:1257,1071:2873,1072:1478,1073:854,1074:494,1075:473,1076:554,1077:364"
2026-06-01|1,107.16,108.58,107.12,108.21,2072064,"1071:151,1072:76,1073:131,1074:28,1075:663,1076:768,1077:385,1078:986,1079:196,1080:443,1081:1411,1082:8391,1083:3799,1084:2887,1085:398"
2026-06-02|0,108.57,109.54,106.0,109.31,2737674,"1061:393,1062:182,1063:270,1065:553,1066:355,1067:1542,1068:672,1069:80,1070:347,1071:529,1072:195,1074:1088,1075:433,1076:357,1077:588,1078:367,1079:449,1080:585,1081:222,1082:383,1083:1063,1084:914,1085:1339,1086:399,1087:1439,1088:1460,1089:2945,1090:1451,1091:2249,1092:2653,1093:752,1094:1105"
2026-06-02|1,109.28,109.91,108.88,109.5,1963583,"1089:416,1090:1464,1091:2780,1092:1855,1093:1137,1094:2567,1095:3169,1096:2884,1097:2416,1098:943"
2026-06-03|0,107.99,108.89,106.6,107.66,2039888,"1067:142,1068:185,1069:157,1070:388,1072:1113,1073:351,1074:1232,1075:2389,1076:1829,1077:2557,1078:3101,1079:545,1080:1232,1081:1610,1082:906,1083:577,1084:198,1085:40,1086:1227,1087:507,1088:102"
2026-06-03|1,107.69,108.55,107.42,107.49,1999146,"1075:2822,1076:2444,1077:2131,1078:1492,1079:1620,1080:1227,1081:1469,1082:1811,1083:2362,1084:2303,1085:304"
2026-06-04|0,109.23,110.34,107.74,109.09,2559036,"1080:1921,1081:785,1082:669,1083:310,1084:389,1085:1567,1086:1949,1087:1624,1088:1982,1089:1511,1090:1458,1091:517,1092:318,1093:618,1094:801,1095:1612,1096:791,1097:427,1098:764,1099:1056,1100:2367,1101:1355,1102:788"
2026-06-04|1,109.08,109.44,106.7,108.35,1933229,"1081:582,1082:2298,1083:2630,1084:3465,1085:422,1086:804,1087:1926,1088:1414,1089:386,1090:505,1091:3005,1092:1235,1093:653"
2026-06-05|0,104.89,105.48,101.3,101.39,3061260,"1013:365,1014:1536,1015:2384,1016:1786,1017:1307,1018:1373,1019:2137,1020:2180,1021:1207,1022:274,1023:629,1024:1366,1025:908,1026:632,1027:348,1028:635,1029:549,1030:1957,1031:719,1032:278,1033:433,1036:446,1038:171,1039:828,1040:487,1041:1029,1042:596,1043:489,1044:246,1045:311,1046:1796,1047:304,1048:891"
2026-06-05|1,101.4,102.25,99.65,99.72,3878280,"997:5100,998:2554,999:470,1000:2204,1001:1289,1002:2313,1003:2043,1004:888,1005:289,1006:740,1007:1147,1008:2127,1009:2250,1010:1461,1011:1563,1012:1635,1013:648,1014:525,1015:641,1016:1054,1017:1624,1018:2259,1019:2447,1020:1215,1021:284"
2026-06-08|0,100.13,101.35,99.24,99.77,3425386,"993:447,994:882,995:2913,996:5994,997:4183,998:4464,999:3467,1000:1677,1001:5161,1002:2801,1003:593,1004:621,1005:528,1008:171,1011:344"
2026-06-08|1,99.77,100.07,98.65,98.98,2488282,"986:188,987:1415,988:3975,989:2290,990:3607,991:125,992:278,993:922,994:2680,995:2158,996:1790,997:1414,998:1293,999:2078,1000:661"
2026-06-09|0,100.01,100.39,94.95,95.53,4493070,"950:661,951:342,952:264,953:395,954:394,955:427,956:608,957:1900,958:1173,960:1340,961:659,962:565,963:987,964:611,965:1376,966:1228,967:974,968:795,969:1099,970:1375,971:1028,975:244,976:171,977:872,978:245,979:731,980:2819,981:3274,982:1218,983:939,984:303,985:121,987:337,988:199,989:1072,990:446,991:639,992:592,993:1502,994:1360,995:784,996:1536,997:450,998:601,999:3011,1000:1590,1002:1652"
2026-06-09|1,95.54,98.57,95.16,98.51,3875734,"952:134,953:436,954:1546,955:328,956:596,957:673,958:166,959:2778,960:1270,961:488,962:431,963:604,964:139,965:384,967:1715,968:407,970:399,971:516,972:1169,973:1691,974:1465,975:1398,976:2669,977:3265,978:537,979:1693,980:1786,981:1125,982:3723,983:598,984:2502,985:2111"
2026-06-10|0,94.41,96.93,93.94,94.51,4454393,"940:393,942:573,943:875,944:1171,945:2839,946:2730,947:2991,948:5709,949:2514,950:1125,951:1121,952:591,953:623,954:1678,955:2282,956:617,957:503,958:1063,959:1005,960:867,961:1178,962:1455,963:3001,964:2257,965:2920,966:2033,967:185,968:232"
2026-06-10|1,94.51,94.68,92.63,92.76,3763329,"926:1820,927:3406,928:747,929:998,930:4790,931:2084,932:5109,933:885,934:990,935:1958,936:1366,937:1362,938:930,939:1496,940:2975,941:1879,942:687,943:2332,944:1080,945:603,946:124"
2026-06-11|0,93.48,95.24,92.02,94.99,4253065,"921:562,922:362,925:535,926:778,927:211,928:619,929:1566,930:5721,931:3041,932:1823,933:1357,934:1340,935:3604,936:1597,937:910,938:1245,939:1797,940:1498,941:991,942:1136,943:1102,944:673,945:948,946:610,947:1828,948:2447,949:1904,950:1539,951:774"
2026-06-11|1,95.0,97.95,94.69,97.55,3827680,"947:125,948:468,949:1910,950:550,951:428,952:67,957:783,958:589,959:194,960:355,961:830,962:306,963:383,964:989,965:1483,966:2319,967:2887,968:396,969:1925,970:2920,971:3470,972:310,973:2576,974:2699,975:6720,976:1708,977:265,978:605"
2026-06-12|0,98.73,100.43,97.37,99.75,3625189,"975:254,976:231,977:2698,978:1329,979:854,980:755,981:1127,982:1297,983:3357,984:1285,985:1572,986:1001,987:5139,988:3139,989:4271,990:1493,991:1948,992:550,993:125,994:89,995:519,996:693,997:528,998:584,999:623,1000:550,1002:76,1003:151"
2026-06-12|1,99.76,100.7,99.75,100.22,2558871,"997:90,998:1264,999:3836,1000:2386,1001:3268,1002:3884,1003:2178,1004:3960,1005:3921,1006:798"
2026-06-15|0,107.0,107.97,105.34,105.47,4370105,"1054:2808,1055:4795,1056:2894,1057:3017,1058:1647,1059:2606,1060:2660,1061:1961,1062:1526,1063:611,1064:1511,1065:756,1066:915,1067:1067,1068:306,1070:6961,1071:731,1072:1547,1073:1041,1074:2233,1075:527,1076:395,1077:1177"
2026-06-15|1,105.47,105.89,105.05,105.79,2697241,"1050:105,1051:1014,1052:2542,1053:3718,1054:6607,1055:4555,1056:4485,1057:3944"
2026-06-16|0,106.81,109.34,106.81,108.5,3287500,"1071:2693,1072:447,1073:131,1074:457,1075:1094,1076:1215,1077:2055,1078:1647,1079:2072,1080:3733,1081:2077,1082:1137,1083:2828,1084:1390,1085:3023,1086:1407,1087:1390,1088:1981,1089:1103,1090:151,1091:216,1092:619"
2026-06-16|1,108.5,108.95,107.99,108.44,2366491,"1080:190,1081:1134,1082:881,1083:2898,1084:6366,1085:6276,1086:1914,1087:1766,1088:2114,1089:122"
2026-06-17|0,108.18,112.18,107.89,111.41,3812400,"1080:651,1081:822,1082:122,1083:1352,1084:463,1085:315,1086:833,1087:412,1088:411,1089:987,1090:110,1091:239,1092:424,1093:491,1094:297,1097:488,1099:1007,1100:362,1101:317,1102:208,1104:2718,1105:208,1106:177,1107:293,1108:2033,1109:1509,1110:4618,1111:1491,1113:966,1114:1402,1115:1715,1116:2568,1117:939,1118:3166,1119:1704,1120:2001,1121:287"
2026-06-17|1,111.39,111.55,105.44,105.67,6130750,"1055:5805,1057:1477,1059:2185,1060:3033,1061:601,1062:2811,1063:1577,1064:468,1065:1671,1066:798,1068:192,1069:286,1070:729,1071:1435,1072:312,1073:223,1074:395,1079:567,1080:338,1081:966,1082:1209,1083:1403,1084:3478,1085:2021,1086:1507,1087:2015,1088:789,1089:3163,1090:217,1091:472,1092:1003,1093:1682,1094:825,1095:1111,1096:506,1097:417,1098:336,1099:736,1100:176,1106:1248,1108:428,1109:532,1110:499,1111:669,1112:784,1113:3702,1114:3839,1115:649"
2026-06-18|0,106.32,107.6,103.11,103.19,4033746,"1032:762,1033:436,1034:1209,1035:634,1037:276,1038:208,1039:1889,1040:1022,1041:905,1042:1572,1043:622,1044:263,1045:498,1046:1170,1047:1119,1048:625,1049:407,1050:285,1051:256,1053:638,1054:1267,1055:560,1056:962,1057:927,1058:1945,1059:1205,1063:414,1065:802,1066:744,1067:250,1068:614,1069:557,1070:725,1071:842,1072:684,1073:460,1074:12567"
2026-06-18|1,103.14,104.26,102.63,103.79,2866419,"1026:226,1027:651,1028:369,1029:2139,1030:3064,1031:1915,1032:1225,1033:2055,1034:3082,1035:2430,1036:1109,1037:458,1038:2695,1039:3342,1040:2218,1041:1677"
2026-06-22|0,99.89,101.92,99.62,101.48,3321862,"1001:3495,1002:1065,1003:583,1004:995,1005:1508,1006:1405,1007:922,1008:723,1009:905,1010:1753,1011:2653,1012:1626,1013:2993,1014:2529,1015:3004,1016:4541,1017:2193,1018:316"
2026-06-22|1,101.46,101.89,101.04,101.78,2217492,"1010:124,1011:619,1012:1115,1013:2784,1014:5903,1015:4930,1016:2962,1017:3733"
2026-06-23|0,97.91,99.22,97.2,98.42,2988820,"975:2450,976:2411,977:3190,978:5818,979:1956,980:1986,981:1289,982:1596,983:1141,984:2010,985:2575,986:1165,987:1593,988:366,990:334"
2026-06-23|1,98.43,98.72,97.27,97.79,2523230,"973:933,974:2231,975:4625,976:3328,977:6776,978:476,979:630,980:461,981:565,982:882,983:1281,984:356,985:1926,986:756"
2026-06-24|0,93.24,96.41,93.01,94.33,4028303,"932:2609,937:300,938:1293,939:2713,940:979,941:2874,942:1650,943:1719,944:1805,945:1628,946:1116,947:1927,948:1068,949:2080,950:2009,951:1609,952:1753,953:1835,954:1960,955:499,956:437,957:3091,958:1267,959:1510,961:540"
2026-06-24|1,94.31,94.33,92.88,94.01,4766389,"929:3937,930:10077,931:4049,932:4430,933:3961,934:5392,935:3816,936:1417,937:3944,938:144,939:3871,940:291,941:1201,942:1005,943:121"
2026-06-25|0,95.61,96.41,93.79,95.84,3612590,"939:213,940:470,941:583,942:896,943:620,944:309,945:670,946:1245,947:868,948:933,949:1622,950:895,951:1230,952:3151,953:4177,954:2205,955:2319,956:903,957:1898,958:4873,959:1511,960:1082,961:304,962:769,963:2366"
2026-06-25|1,95.84,96.17,95.24,95.35,2522775,"952:1776,953:4472,954:3650,955:1373,956:3627,957:3216,958:2198,959:1653,960:2970,961:287"
2026-06-26|0,95.94,97.88,95.34,97.31,3352951,"955:371,956:549,957:261,958:334,959:1888,960:232,961:153,962:1235,963:669,964:827,966:730,967:1539,968:1903,969:2723,970:2104,971:1644,972:3565,973:904,974:1304,975:1535,976:4891,977:2807,978:1352"
2026-06-26|1,97.33,97.39,95.59,96.11,2959538,"957:680,958:3237,959:3091,960:3423,961:5260,962:486,963:1664,964:923,965:1303,966:2470,967:1841,968:929,969:620,970:273,971:366,972:856,973:2165"
2026-06-29|0,94.5,95.55,93.41,94.22,2975393,"934:151,935:606,936:2059,937:1229,938:1442,939:1022,940:1736,941:2824,942:2975,943:2327,944:1621,945:2046,946:2117,947:3110,948:1051,949:1146,950:785,951:335,952:977,954:187"
2026-06-29|1,94.23,95.04,94.21,94.5,3128192,"942:675,943:1718,944:1700,945:12037,946:7701,947:1702,948:4439,949:1306"
2026-06-30|0,93.84,94.75,91.71,93.45,3533492,"918:434,919:1409,920:493,921:1506,922:809,923:470,924:1164,925:1880,926:3599,927:3359,928:3031,929:672,930:3114,931:1100,932:4077,933:4047,934:1032,935:828,936:179,939:504,942:1616"
2026-06-30|1,93.44,93.82,92.89,93.36,3102314,"929:1631,930:2655,931:813,932:2269,933:6657,934:4218,935:6191,936:4610,937:1975"
2026-07-01|0,92.38,96.22,92.2,93.78,3606582,"924:1918,930:1373,932:703,933:1105,934:161,937:285,938:1312,939:1335,940:1032,941:1083,942:2049,943:2057,944:1315,945:2261,946:2232,947:4070,948:2179,949:1499,950:2285,951:508,952:467,953:1447,954:930,955:1044,956:367,957:162,958:179,959:207,960:258,961:228"
2026-07-01|1,93.8,93.97,93.11,93.28,2972586,"931:1660,932:8128,933:3184,934:4556,935:1974,936:4592,937:3871,938:1659,939:98"
2026-07-02|0,95.83,97.77,95.5,96.93,3967661,"959:2020,960:1046,961:344,962:1369,963:1779,964:4715,965:2635,966:2754,967:2923,968:2735,969:2565,970:2613,971:2707,972:2333,973:1835,974:3039,975:1603,976:653"
2026-07-02|1,96.89,97.1,95.62,97.02,3169348,"956:101,957:360,958:916,959:3646,960:2675,961:1143,962:3173,963:3482,964:2029,965:3357,966:2179,967:2335,968:1960,969:4330"
2026-07-06|0,98.01,98.93,95.6,96.95,2278790,"956:202,957:360,958:807,959:965,960:338,961:402,962:660,963:523,964:1288,965:613,966:1383,967:2389,968:1765,969:3458,970:1226,971:241,972:317,973:334,974:159,975:278,976:266,977:366,978:213,979:575,981:2507,982:540,983:265,984:334"
2026-07-06|1,96.95,98.24,96.85,98.2,2471892,"968:172,969:1243,970:2370,971:1519,972:686,973:882,974:780,975:426,976:526,977:2524,978:1334,979:2101,980:6594,981:3555"
2026-07-07|0,96.07,97.5,94.51,95.72,3310499,"945:116,946:1086,947:2141,948:3448,949:3823,950:2884,951:4181,952:1304,953:3081,954:908,955:287,956:950,957:1399,958:420,959:368,960:591,961:1223,962:679,963:1111,964:287,965:501,966:816,967:132,968:406,970:577,971:211,973:163"
2026-07-07|1,95.72,96.05,94.21,95.05,2317245,"943:485,944:955,945:901,946:918,947:3110,948:4710,949:3434,950:861,952:75,953:827,954:810,955:1184,956:2245,957:1228,958:509,959:787,960:123"
2026-07-08|0,93.58,94.77,91.18,92.59,3439674,"912:366,913:961,914:1138,915:2593,916:1884,917:863,918:1064,919:1953,920:1685,921:2213,922:4333,923:1327,924:601,925:565,927:165,929:462,930:2779,931:260,932:215,933:747,934:640,935:456,936:966,937:874,938:289,939:98,940:646,941:49,942:401,943:1937,944:1220,945:475,946:155"
2026-07-08|1,92.61,93.36,92.53,93.19,2498323,"925:82,926:219,927:313,928:947,929:5037,930:6675,931:7460,932:4247"
2026-07-09|0,95.01,95.25,93.47,94.82,2644052,"936:110,937:434,938:689,939:99,940:392,941:671,942:1321,943:2619,944:2193,945:4601,946:2769,947:2813,948:3676,949:2816,950:903,951:329"
2026-07-09|1,94.82,95.07,94.42,94.8,2077985,"944:1259,945:3280,946:3772,947:6744,948:3035,949:2018,950:668"
2026-07-10|0,93.8,95.72,93.8,95.55,1838676,"942:1113,943:1541,946:338,947:668,948:3139,949:1818,950:1599,951:2179,952:1490,953:1256,954:1665,955:1116,956:458"
2026-07-10|1,95.51,95.63,95.04,95.28,1534505,"950:134,951:1111,952:3545,953:5977,954:3742,955:667,956:166"
2026-07-13|0,93.73,94.14,92.43,92.86,2212534,"925:135,926:276,927:104,928:200,929:445,930:80,931:415,932:3596,933:1677,934:1373,935:2326,936:3028,937:4179,938:1848,939:1585,940:849"
2026-07-13|1,92.89,93.24,92.58,93.11,2136094,"926:783,927:710,928:2865,929:6917,930:7853,931:2230"
2026-07-14|0,97.81,98.19,95.21,95.29,3539678,"952:932,953:3139,954:269,955:393,956:347,957:1037,958:475,959:1135,960:896,961:337,962:774,963:619,964:3065,965:682,966:360,967:336,968:2078,969:3972,970:2129,971:1746,972:541,973:2155,974:439,975:4104,976:1849,977:763,978:809"
2026-07-14|1,95.27,95.31,94.25,94.75,2463458,"942:445,943:4514,944:2138,945:3628,946:2578,947:4793,948:3745,949:1822,950:816,952:152"
2026-07-15|0,95.43,95.72,93.5,93.66,2901754,"935:787,936:777,937:1596,938:817,939:1620,940:730,941:2234,942:1513,943:788,945:284,946:428,947:1147,948:2711,949:1913,950:1365,951:3289,952:3849,953:1731,954:856,955:571"
2026-07-15|1,93.66,96.01,93.64,95.21,2608708,"936:71,938:879,939:357,940:399,941:162,942:469,943:913,945:373,946:203,947:120,948:291,949:188,950:421,951:1787,952:4015,953:3275,954:2416,955:5156,956:2859,957:709,958:388,959:625"
2026-07-16|0,93.62,93.9,91.2,91.42,4029429,"912:617,913:1926,914:2423,915:1974,916:684,917:610,918:1916,919:4093,920:1502,921:1487,922:1477,923:1470,924:1014,925:1966,926:968,927:445,928:1759,929:1355,930:2883,931:467,932:2667,933:2456,934:2034,935:1748,937:342"
2026-07-16|1,91.41,91.68,90.6,90.84,4816219,"906:1238,907:4651,908:14814,909:11494,910:6751,911:987,912:1080,913:2167,914:1056,915:2375,916:1544"
2026-07-17|0,89.84,90.95,88.75,90.28,5580426,"889:5486,890:594,891:124,892:749,893:606,894:1263,895:184,896:526,897:133,898:1202,899:375,900:1219,901:3439,902:4445,903:6967,904:5622,905:11449,906:4703,907:5218,908:1490"
2026-07-17|1,90.29,90.59,89.68,89.69,3294460,"897:6152,898:9891,899:5031,900:1316,901:146,902:2520,903:3135,904:3142,905:1608"
2026-07-20|0,90.1,90.95,89.48,90.09,3219547,"895:236,896:1847,897:732,898:5042,899:2929,900:5460,901:4003,902:4968,903:2287,904:1809,905:1531,906:449,907:897"
2026-07-20|1,90.09,90.15,89.13,89.24,3010264,"892:6824,893:1029,894:2493,895:2590,896:4071,897:3305,898:3685,899:4378,900:1414,901:310"
2026-07-21|0,91.43,92.72,90.54,92.33,3736208,"907:1247,908:1201,909:1379,910:902,911:203,912:2934,913:865,914:881,915:2338,916:2566,917:2538,918:1437,919:1074,920:817,921:2814,922:3537,923:6187,924:2666,925:1558,926:209"
2026-07-21|1,92.33,92.56,91.8,92.49,2733713,"918:2716,919:2575,920:2220,921:2359,922:3399,923:7382,924:5972,925:710"
2026-07-22|0,94.32,96.94,94.32,95.76,3597777,"946:1742,949:797,950:197,951:212,953:551,956:1065,957:2306,958:2080,959:2676,960:2935,961:3012,962:4570,963:2038,964:3678,965:2514,966:3689,967:1453,968:452"
2026-07-22|1,95.77,95.91,95.04,95.76,3042550,"950:90,951:1978,952:3982,953:3995,954:6915,955:3812,956:4744,957:1465,958:3441"
2026-07-23|0,93.64,94.65,92.89,94.39,2914413,"927:275,931:838,932:744,933:164,934:737,935:2332,936:1484,937:3188,938:2859,939:2086,940:3761,941:3928,942:2203,943:1564,944:1510,945:1464"
2026-07-23|1,94.39,94.84,94.03,94.74,2676309,"940:461,941:1789,942:4707,943:7184,944:5465,945:2931,946:3639,947:517,948:65"
2026-07-24|0,93.74,95.34,92.75,94.16,4342888,"931:2473,932:2157,933:1790,934:515,935:1386,936:2261,937:5456,938:3001,939:3748,940:1101,941:1652,942:1571,943:1586,944:1778,945:1302,946:1314,947:2899,948:3225,949:1670,950:1975,951:198,952:360"
2026-07-24|1,94.16,94.47,92.5,93.18,3028542,"925:552,926:1114,927:3483,928:6382,929:3966,930:1870,931:2562,932:446,933:950,935:134,936:253,937:858,938:2662,939:806,940:902,941:258,942:1675,943:1121,944:281"
2026-07-27|0,94.88,94.88,91.92,93.72,2102492,"919:249,921:386,922:222,923:582,924:352,925:377,926:357,927:464,928:547,929:1664,930:1455,931:1581,932:1538,933:2195,934:1397,935:1099,936:309,937:666,938:626,939:201,940:1848,941:374,942:387,943:1879,944:183,946:73"
2026-07-27|1,93.74,93.84,92.75,93.45,1960285,"927:237,928:1599,929:150,930:1556,931:2477,932:1588,933:777,934:3461,935:3960,936:2394,937:1251,938:147"
2026-07-28|0,92.47,92.58,90.88,91.95,2599088,"909:284,910:1300,911:1413,912:935,913:1026,914:1926,915:2265,916:1016,917:1900,918:2458,919:2468,920:1904,921:1784,922:3021,923:1095,924:698,925:489"
2026-07-28|1,91.96,92.39,91.28,91.53,2149343,"913:1581,914:2319,915:6121,916:4674,917:1680,918:1056,919:985,920:1299,921:412,922:920,923:441"
2026-07-29|0,91.45,91.45,88.98,89.78,2292559,"890:973,891:1679,892:1086,893:968,894:2008,895:1049,896:2164,897:2320,898:2916,899:1889,900:685,901:475,902:794,903:690,904:384,905:310,906:1256,907:49,908:146,909:126,912:947"
2026-07-29|1,89.78,93.29,89.76,91.35,3369451,"897:112,898:265,899:268,900:138,901:117,902:411,903:646,904:200,905:279,906:50,907:607,908:779,909:903,910:814,911:604,912:407,913:2916,914:2486,915:1888,916:3406,917:1615,918:1060,919:3272,920:1586,921:1322,922:623,923:993,924:442,925:949,926:1139,927:2023,928:115,929:791,931:451"
2026-07-30|0,92.83,94.58,92.17,94.22,2975559,"923:774,924:350,925:108,926:351,927:1500,928:2120,929:1341,930:356,931:771,932:1639,933:1539,934:3047,935:1951,936:2168,937:2008,938:1630,939:1386,940:1663,941:903,942:1352,943:718,944:1775,945:293"
2026-07-30|1,94.22,96.02,94.22,95.75,3283324,"943:380,944:618,945:36,946:1221,947:2954,948:2306,949:2504,950:2449,951:1288,952:163,953:975,954:602,955:958,956:5185,957:7616,958:1779,959:1792"
2026-07-31|0,94.43,94.9,91.84,93.5,1944699,"919:508,920:878,921:549,922:100,924:378,925:563,926:985,927:1223,928:1184,929:620,930:504,931:910,932:1247,933:3418,934:1070,935:738,936:730,937:420,938:680,939:1381,940:190,942:64,944:1098"
2026-07-31|1,93.5,94.16,93.37,93.71,2038245,"934:1355,935:4203,936:3701,937:5123,938:2993,939:1200,940:1580,941:224"
2026-08-03|0,93.45,94.92,92.97,94.45,2189218,"930:886,931:196,932:827,933:468,934:2053,935:415,936:198,938:382,939:611,940:1298,941:1464,942:3138,943:1566,944:1652,945:1872,946:2490,947:1851,948:517"
2026-08-03|1,94.44,95.52,94.25,95.37,1900804,"942:116,943:333,944:948,945:1160,946:1741,947:2810,948:1516,949:519,950:340,951:1764,952:3057,953:1670,954:3028"
2026-08-04|0,97.85,98.19,96.67,98.09,2211500,"967:503,968:503,969:862,970:1328,971:498,972:996,973:1806,974:2057,975:1846,976:1860,977:2189,978:4001,979:2322,980:1337"
2026-08-04|1,98.13,98.52,97.59,97.73,1849899,"976:1348,977:2900,978:2985,979:1855,980:1355,981:1932,982:2796,983:1882,984:1366,985:75"
2026-08-05|0,103.78,105.61,102.76,104.74,5133657,"1028:441,1031:1561,1032:653,1033:1261,1034:251,1036:1306,1037:890,1038:619,1039:5002,1040:596,1042:237,1043:1007,1044:3208,1045:1130,1046:2601,1047:3616,1048:7451,1049:4186,1050:6921,1051:3078,1052:362,1053:2627,1054:1183,1055:1137"
2026-08-05|1,104.73,104.86,104.02,104.27,3014002,"1040:348,1041:1935,1042:2728,1043:5234,1044:6425,1045:8366,1046:3365,1047:1554,1048:180"
2026-08-06|0,103.54,106.39,103.1,105.08,3598219,"1036:2539,1039:623,1040:548,1043:961,1045:433,1046:1259,1047:2492,1048:1229,1049:2929,1050:2192,1051:1758,1052:2634,1053:1587,1054:2017,1055:1337,1056:2686,1057:2087,1058:2154,1059:1158,1060:1099,1061:896,1062:1352"
2026-08-06|1,105.08,105.78,104.86,105.44,2584623,"1048:226,1049:759,1050:900,1051:1587,1052:2765,1053:2919,1054:6916,1055:5620,1056:3607,1057:543"
2026-08-07|0,110.52,113.77,110.0,112.33,5726166,"1109:2930,1112:460,1113:820,1114:1024,1115:1655,1116:386,1117:369,1118:447,1119:624,1120:544,1121:2341,1122:3346,1123:4653,1124:6058,1125:1992,1126:2841,1127:3597,1128:3692,1129:3842,1130:3687,1131:1584,1132:1504,1133:1976,1134:1907,1135:2148,1136:2551,1137:268"
2026-08-07|1,112.31,113.1,111.4,112.98,3356056,"1114:142,1115:292,1116:134,1117:960,1118:679,1119:1184,1120:2054,1121:947,1122:3853,1123:2968,1124:956,1125:1562,1126:2581,1127:5994,1128:5287,1129:1914,1130:2046"
2026-08-10|0,115.0,116.45,113.1,115.68,4599900,"1131:513,1132:187,1133:1414,1134:409,1135:834,1136:1040,1137:3394,1138:394,1139:2021,1140:2049,1141:1522,1142:912,1143:226,1144:569,1145:1056,1146:208,1147:910,1149:4359,1150:2435,1151:2346,1152:1529,1153:665,1154:1166,1155:1051,1156:1739,1157:2843,1158:1958,1159:848,1160:1847,1161:614,1162:2304,1163:2620"
2026-08-10|1,115.68,117.73,115.62,117.26,3637733,"1156:387,1157:1482,1158:1295,1159:1572,1160:4185,1161:1293,1162:1063,1163:1710,1164:1389,1165:1027,1166:710,1167:450,1168:1246,1169:1499,1170:3008,1171:2927,1172:3654,1173:1242,1174:1082,1175:3123,1176:2024"
2026-08-11|0,117.33,118.21,116.24,116.78,3069406,"1164:1523,1165:660,1166:507,1167:2529,1168:3463,1169:1405,1170:4072,1171:1828,1172:3761,1173:1438,1174:1578,1175:3801,1176:1786,1177:970,1178:216,1179:202,1180:948"
2026-08-11|1,116.78,117.27,116.0,117.21,2647061,"1162:1900,1163:720,1164:842,1165:1363,1166:3061,1167:2125,1168:2417,1169:3700,1170:4816,1171:5404,1172:118"
2026-08-12|0,120.0,120.19,118.29,118.45,3028650,"1183:201,1185:1440,1186:1341,1187:2163,1188:2211,1189:2355,1190:2450,1191:2563,1192:2927,1193:3746,1194:1059,1195:746,1196:864,1197:1287,1198:1178,1199:3186,1200:559"
2026-08-12|1,118.49,118.64,117.65,117.84,2014035,"1176:241,1177:2232,1178:1944,1179:1524,1180:3115,1181:1950,1182:2797,1183:2829,1184:1473,1185:1910,1186:122"
2026-08-13|0,115.01,115.61,113.43,113.83,3376330,"1135:940,1136:779,1137:956,1138:1152,1139:636,1140:1206,1141:681,1142:820,1143:1778,1144:5089,1145:1189,1146:2338,1147:4250,1148:1236,1149:2671,1150:1338,1151:1581,1152:1486,1153:2953,1154:346,1155:327"
2026-08-13|1,113.85,114.44,113.28,114.2,2183714,"1133:758,1134:559,1135:756,1136:522,1137:868,1138:3105,1139:4859,1140:4027,1141:2589,1142:2320,1143:1467"
2026-08-14|0,115.8,119.17,115.31,117.7,2463390,"1158:1238,1166:322,1169:380,1171:74,1172:427,1173:294,1174:679,1175:1815,1176:1772,1177:3901,1178:1735,1179:1152,1180:979,1181:765,1182:952,1183:1194,1184:1411,1185:1679,1186:276,1187:1128,1188:1243,1189:1027,1190:178"
2026-08-14|1,117.69,118.13,117.14,117.75,1990096,"1171:236,1172:1900,1173:2274,1174:869,1175:1131,1176:1895,1177:4321,1178:4360,1179:2017,1180:893"
2026-08-17|0,119.39,121.36,118.64,121.17,2915098,"1187:303,1188:350,1189:193,1190:1545,1191:229,1192:323,1193:473,1194:210,1195:655,1196:360,1197:1741,1198:527,1199:1298,1200:892,1201:638,1202:968,1203:131,1204:350,1205:106,1206:1590,1207:2494,1208:4158,1209:1364,1210:1372,1211:2347,1212:3947,1213:571"
2026-08-17|1,121.19,121.4,119.78,120.34,2784735,"1198:1583,1199:3530,1200:3542,1201:2839,1202:1788,1203:4628,1204:2651,1205:1695,1206:1114,1207:203,1208:1184,1209:348,1210:59,1211:665,1212:1236,1213:774"
2026-08-18|0,118.31,119.44,116.17,116.96,2474732,"1162:841,1163:539,1164:453,1165:880,1166:1661,1167:1133,1168:585,1169:1314,1170:1437,1171:1148,1172:675,1173:280,1174:256,1175:142,1176:122,1177:909,1178:430,1179:206,1180:1538,1181:492,1182:850,1183:1581,1184:3020,1185:1405,1186:747,1187:248,1188:278,1189:273,1190:311,1191:469,1192:298,1193:213"
2026-08-18|1,116.96,117.1,115.83,115.96,2585010,"1159:3659,1160:2157,1161:3097,1162:3290,1163:812,1164:1553,1165:2578,1166:3032,1167:2248,1168:1991,1169:1209,1170:219"
2026-08-19|0,123.83,126.6,123.41,125.21,4706751,"1236:1195,1238:398,1239:505,1240:518,1241:709,1242:893,1243:1754,1244:375,1245:1745,1246:2477,1247:1208,1248:1246,1249:5069,1250:2828,1251:1095,1252:1207,1253:1134,1254:1111,1255:1596,1256:5681,1257:3646,1258:3841,1259:3186,1260:1766,1262:576,1263:116,1264:944,1265:233"
2026-08-19|1,125.19,125.28,123.2,125.08,2901349,"1232:603,1233:850,1234:421,1235:741,1236:927,1237:991,1238:1114,1239:1985,1240:1329,1241:1366,1242:673,1243:528,1244:1018,1245:1632,1246:1588,1247:1808,1248:2535,1249:2519,1250:1797,1251:3707,1252:871"
2026-08-20|0,124.25,128.69,123.71,127.79,4505276,"1244:2287,1250:309,1253:284,1254:472,1256:179,1257:390,1258:2132,1259:3065,1260:4295,1261:1743,1262:1869,1263:2612,1264:2806,1265:781,1266:331,1267:927,1268:378,1269:1106,1270:842,1271:269,1272:466,1273:713,1274:707,1275:826,1276:717,1277:2097,1278:3085,1279:2399,1280:703,1281:1362,1282:2185,1283:1192,1284:687,1285:819"
2026-08-20|1,127.8,128.47,127.24,127.62,3236650,"1272:144,1273:862,1274:745,1275:2339,1276:4600,1277:5190,1278:3600,1279:5926,1280:5924,1281:1308,1282:512,1283:1128,1284:80"
2026-08-21|0,131.12,132.29,129.8,131.8,4558666,"1300:654,1301:479,1305:1082,1306:2506,1307:3551,1308:3472,1309:2561,1310:1700,1311:2993,1312:1184,1313:1929,1314:2160,1315:8136,1316:2352,1317:2021,1318:3152,1319:2429,1320:1536,1321:1417,1322:263"
2026-08-21|1,131.8,132.34,130.93,131.58,3319979,"1309:82,1310:165,1311:1700,1312:2244,1313:1448,1314:2024,1315:1255,1316:3569,1317:2952,1318:5157,1319:7407,1320:2824,1321:1468,1322:897"
2026-08-24|0,133.4,133.72,129.16,130.63,3271266,"1292:267,1294:536,1295:942,1296:286,1297:647,1298:334,1299:236,1300:975,1301:750,1302:997,1303:894,1304:917,1305:395,1306:858,1307:931,1308:2766,1309:688,1310:1188,1311:400,1312:1444,1313:791,1314:328,1315:1039,1316:1563,1317:1930,1318:1060,1319:1643,1320:1458,1321:678,1322:1244,1323:833,1324:711,1329:338,1330:2201,1332:429"
2026-08-24|1,130.65,131.91,130.38,131.84,2241657,"1304:269,1305:717,1306:767,1307:2077,1308:1771,1309:1564,1310:3066,1311:1356,1312:814,1313:1748,1314:473,1315:1321,1316:1532,1317:2682,1318:2251"
2026-08-25|0,129.98,134.1,129.7,133.68,2949278,"1298:502,1299:357,1300:2510,1301:233,1302:258,1303:447,1304:1104,1305:673,1306:786,1307:677,1308:430,1309:303,1310:330,1312:1183,1313:540,1314:516,1315:177,1316:1457,1317:370,1318:73,1319:367,1320:408,1321:572,1322:1169,1323:1663,1324:1172,1325:244,1326:162,1327:393,1328:506,1329:244,1331:429,1332:345,1334:160,1335:298,1336:2502,1337:2520,1338:1897,1339:1305,1340:188"
2026-08-25|1,133.65,135.29,132.87,135.13,2631009,"1329:372,1330:284,1331:646,1332:280,1333:573,1334:439,1335:2134,1336:275,1337:615,1338:396,1339:2436,1340:1641,1341:1122,1342:1028,1343:236,1344:103,1345:265,1346:387,1347:774,1348:2046,1349:3617,1350:4065,1351:2566"
