bar,o,h,l,c,vol,prof
2026-02-02|0,262.14,269.9799,258.6001,259.0,534427,1034:71,1035:11,1036:330,1037:63,1038:129,1039:161,1040:167,1041:514,1042:740,1043:174,1044:157,1045:160,1046:194,1047:244,1048:241,1049:376,1050:12,1051:107,1052:16,1053:147,1054:220,1055:321,1056:12,1057:123,1058:55,1059:45,1066:32,1067:26,1071:15,1072:34,1073:184,1074:27,1075:60,1076:161
2026-02-02|1,259.02,259.6,255.38,259.35,566811,1021:48,1022:317,1023:558,1024:812,1025:430,1026:306,1027:240,1028:191,1029:70,1030:212,1031:125,1032:151,1033:655,1034:350,1035:540,1036:340,1037:315
2026-02-03|0,275.66,275.66,260.0,260.0,419127,1040:3,1041:74,1042:39,1043:22,1045:139,1046:62,1047:26,1048:34,1049:29,1050:92,1053:159,1055:45,1056:88,1057:19,1058:46,1059:42,1060:55,1061:104,1062:90,1063:174,1064:72,1065:178,1066:372,1067:73,1068:177,1069:201,1070:82,1071:250,1072:127,1073:217,1074:139,1075:283,1076:133,1077:132,1078:31,1079:71,1096:291
2026-02-03|1,260.0,265.55,258.6,265.07,527636,1034:24,1035:65,1036:23,1037:113,1038:22,1039:61,1040:313,1041:108,1042:103,1043:114,1044:211,1045:128,1046:220,1047:332,1048:202,1049:230,1050:360,1051:162,1052:126,1053:163,1054:260,1055:245,1056:186,1057:139,1058:42,1059:216,1060:836,1061:258
2026-02-04|0,270.59,270.59,256.9501,257.98,340677,1029:28,1030:30,1031:194,1032:212,1033:248,1034:128,1035:327,1036:143,1037:230,1038:92,1039:97,1040:176,1041:23,1042:157,1043:192,1044:49,1045:16,1048:24,1049:7,1050:17,1052:21,1053:4,1054:25,1055:13,1058:36,1059:38,1060:58,1061:45,1062:86,1063:41,1064:95,1065:58,1066:82,1069:36,1070:37,1071:51,1073:80,1074:9,1077:25,1082:157
2026-02-04|1,258.19,266.41,257.0,265.985,397835,1028:13,1030:147,1031:128,1032:166,1033:168,1034:166,1035:98,1036:71,1037:59,1038:83,1039:91,1040:23,1041:102,1042:48,1043:192,1044:28,1045:14,1046:8,1047:63,1048:20,1049:6,1050:90,1051:110,1052:218,1053:63,1054:128,1055:90,1056:83,1057:51,1058:252,1059:106,1060:51,1061:190,1062:468,1063:370
2026-02-05|0,259.51,267.48,255.67,257.56,362681,1022:18,1024:127,1025:164,1026:51,1027:117,1028:182,1029:391,1030:154,1031:357,1032:164,1033:47,1034:38,1035:42,1036:17,1037:6,1038:419,1039:88,1040:143,1041:73,1042:39,1043:66,1044:300,1045:22,1046:35,1047:71,1049:5,1050:7,1051:123,1052:16,1054:44,1055:23,1057:9,1058:47,1059:47,1061:37,1062:29,1065:42,1067:34,1068:12
2026-02-05|1,257.3604,258.65,253.2,253.54,390874,1013:385,1014:765,1015:150,1016:57,1017:198,1018:41,1019:134,1020:83,1021:126,1022:351,1023:259,1024:387,1025:276,1026:192,1027:111,1028:237,1029:67,1030:74,1033:8
2026-02-06|0,262.12,267.47,259.235,264.35,392595,1041:117,1044:57,1048:7,1051:40,1052:16,1053:144,1054:81,1055:37,1056:268,1057:147,1058:190,1059:185,1060:170,1061:397,1062:355,1063:377,1064:293,1065:136,1066:421,1067:331,1068:132,1069:15
2026-02-06|1,264.36,266.27,263.65,265.82,620386,1055:75,1056:25,1057:478,1058:704,1059:888,1060:472,1061:696,1062:1043,1063:1199,1064:619
2026-02-09|0,267.96,278.8,267.96,278.78,375366,1072:106,1074:15,1076:21,1078:38,1079:27,1080:77,1081:31,1082:37,1083:40,1084:34,1085:62,1086:54,1087:35,1088:78,1089:23,1090:53,1091:35,1092:15,1094:31,1095:9,1096:13,1098:92,1099:76,1100:22,1101:42,1102:91,1103:24,1104:234,1105:179,1106:77,1107:89,1108:92,1109:254,1110:514,1111:219,1112:564,1113:285,1114:45
2026-02-09|1,278.2001,279.86,274.54,279.185,383084,1101:85,1102:58,1103:6,1104:34,1105:32,1106:132,1107:212,1108:91,1109:71,1110:284,1111:835,1112:185,1113:153,1114:10,1115:778,1116:608,1117:132,1118:116
2026-02-10|0,278.86,283.55,278.66,282.83,255664,1115:97,1116:51,1117:70,1118:45,1119:97,1120:161,1121:73,1122:143,1123:234,1124:265,1125:121,1126:80,1127:201,1128:179,1129:141,1130:252,1131:222,1132:117
2026-02-10|1,282.9,285.285,281.12,283.24,315776,1124:10,1125:135,1126:225,1127:60,1128:174,1129:104,1130:103,1131:39,1132:25,1133:509,1134:371,1135:178,1136:344,1137:295,1138:284,1139:200,1140:92
2026-02-11|0,286.99,288.95,278.02,284.83,252772,1113:8,1114:91,1115:90,1116:147,1117:76,1118:75,1119:68,1120:163,1121:109,1122:74,1123:95,1124:46,1125:5,1126:74,1127:41,1128:41,1129:113,1130:77,1131:215,1132:130,1133:33,1134:95,1135:60,1136:163,1137:33,1138:52,1139:86,1140:20,1141:21,1144:16,1145:19,1146:19,1147:18,1148:137
2026-02-11|1,284.44,285.75,282.2401,285.07,279256,1130:35,1131:47,1132:278,1133:74,1134:149,1135:144,1136:213,1137:209,1138:370,1139:439,1140:328,1141:387,1142:114
2026-02-12|0,283.79,288.89,273.82,280.55,310407,1096:17,1098:70,1099:31,1100:38,1101:304,1102:27,1103:99,1104:87,1105:126,1106:91,1107:84,1108:85,1109:28,1110:115,1111:44,1112:75,1113:15,1114:93,1115:40,1116:47,1117:43,1119:54,1120:6,1121:37,1125:11,1127:38,1129:59,1131:33,1132:52,1134:16,1135:115,1136:6,1137:183,1139:111,1140:112,1141:9,1142:135,1143:54,1144:22,1145:42,1146:78,1147:52,1148:54,1149:52,1150:34,1151:136,1153:21
2026-02-12|1,279.85,280.4112,272.53,272.56,334793,1090:292,1091:222,1092:222,1093:244,1094:175,1095:75,1096:57,1097:52,1099:28,1100:42,1101:68,1102:54,1103:76,1104:132,1105:256,1106:54,1107:84,1108:245,1109:177,1110:104,1111:122,1112:78,1113:29,1114:92,1115:61,1116:154,1117:67,1118:24,1120:47
2026-02-13|0,277.59,283.7,274.23,283.7,242644,1097:12,1099:48,1102:25,1104:15,1105:9,1106:324,1107:62,1108:60,1109:62,1110:35,1111:129,1112:53,1113:55,1114:41,1115:85,1116:205,1117:180,1118:84,1119:40,1120:22,1121:66,1122:53,1123:47,1124:94,1125:90,1126:131,1127:44,1128:104,1129:64,1130:47,1131:38,1132:43,1133:42
2026-02-13|1,283.3351,286.39,282.22,286.2,361568,1129:78,1130:192,1131:57,1132:208,1133:263,1134:269,1135:257,1136:59,1137:425,1138:261,1139:500,1140:278,1141:183,1142:211,1143:140,1145:227
2026-02-17|0,279.22,283.0,272.54,275.58,383938,1092:27,1093:23,1095:13,1096:172,1097:225,1098:55,1099:37,1100:41,1101:57,1102:410,1103:257,1104:255,1105:241,1106:415,1107:114,1108:220,1109:288,1110:170,1111:194,1112:44,1113:61,1114:271,1115:106,1118:45,1120:3,1121:53,1125:30
2026-02-17|1,275.4,280.5,275.1,278.93,285094,1101:14,1102:9,1103:65,1104:32,1105:18,1106:10,1107:102,1108:131,1109:200,1110:235,1111:196,1112:225,1113:331,1114:435,1115:388,1116:78,1117:134,1118:41,1119:113,1120:84
2026-02-18|0,283.45,285.99,280.73,280.73,346208,1123:408,1124:217,1126:117,1127:45,1128:26,1129:142,1130:708,1131:190,1132:134,1133:133,1134:105,1135:409,1136:31,1137:231,1138:104,1139:117,1140:122,1141:141,1142:62,1143:9
2026-02-18|1,280.78,281.49,275.14,278.0,602503,1100:46,1101:91,1102:146,1103:72,1104:91,1105:392,1106:406,1107:178,1108:233,1109:609,1110:770,1111:733,1112:154,1113:41,1114:28,1115:10,1116:185,1117:60,1118:174,1119:195,1120:590,1121:388,1122:184,1123:78,1124:106,1125:54
2026-02-19|0,273.1,279.98,270.0159,274.02,376650,1086:176,1092:262,1093:36,1094:28,1095:186,1096:103,1097:46,1098:187,1099:142,1100:178,1101:237,1102:80,1103:94,1104:107,1105:113,1106:210,1107:144,1108:50,1109:123,1110:79,1111:128,1112:488,1113:201,1114:180,1115:138,1118:40
2026-02-19|1,274.01,274.9999,268.0001,271.78,525748,1073:41,1074:111,1075:65,1076:178,1077:185,1078:174,1079:409,1080:355,1081:240,1082:401,1083:153,1084:210,1085:329,1086:345,1087:883,1088:376,1089:154,1090:212,1091:159,1092:144,1094:12,1095:22,1096:68,1097:9,1098:9
2026-02-20|0,271.51,285.5,271.1,284.86,439628,1086:157,1090:26,1092:77,1093:91,1094:54,1095:27,1096:38,1097:97,1098:80,1099:81,1100:176,1101:152,1102:3,1103:71,1104:282,1105:212,1106:330,1107:228,1108:85,1109:29,1110:72,1111:36,1112:87,1113:64,1114:20,1115:88,1116:76,1119:46,1123:143,1125:237,1126:28,1127:106,1128:78,1129:201,1130:94,1131:101,1132:118,1133:54,1134:160,1135:53,1136:19,1137:11,1138:75,1139:53,1140:45,1141:14
2026-02-20|1,284.86,286.99,282.49,285.49,404476,1131:83,1133:25,1134:54,1135:102,1136:401,1137:538,1138:280,1139:297,1140:222,1141:329,1142:761,1143:239,1144:44,1145:334,1146:262,1147:65
2026-02-23|0,287.0,294.495,285.0101,286.82,273809,1141:36,1142:35,1144:5,1145:61,1146:40,1147:42,1148:35,1149:316,1150:215,1151:213,1152:102,1153:53,1154:30,1155:32,1156:58,1158:54,1159:211,1160:80,1161:69,1162:29,1163:128,1164:52,1165:148,1166:164,1167:65,1168:84,1169:80,1170:36,1171:66,1172:39,1173:9,1174:77,1175:58
2026-02-23|1,286.515,288.4499,283.445,285.44,409755,1134:89,1135:46,1136:121,1137:145,1138:333,1139:454,1140:528,1141:48,1142:602,1143:168,1144:257,1145:371,1146:180,1147:326,1148:84,1149:52,1150:33,1151:115,1152:116,1153:21
2026-02-24|0,282.24,292.0,281.102,291.56,306457,1129:204,1130:25,1131:37,1133:9,1134:41,1140:20,1141:36,1142:64,1143:52,1144:163,1145:102,1146:124,1147:51,1148:4,1149:24,1150:76,1152:71,1153:42,1154:3,1155:22,1156:170,1157:150,1158:228,1159:221,1160:227,1161:86,1162:109,1163:172,1164:191,1165:172,1166:109,1167:30,1168:13
2026-02-24|1,291.9999,292.24,287.21,288.07,311337,1150:199,1151:79,1152:422,1153:31,1154:25,1155:108,1156:39,1157:47,1158:339,1159:288,1160:336,1161:142,1162:286,1163:182,1164:158,1165:73,1166:74,1167:153,1168:121
2026-02-25|0,291.66,292.23,286.0,291.31,225715,1146:37,1147:22,1148:70,1149:86,1150:324,1151:27,1152:121,1153:130,1154:96,1155:23,1156:67,1157:92,1158:32,1159:109,1160:86,1161:335,1162:79,1163:10,1164:63,1165:208,1166:224,1167:4,1168:3
2026-02-25|1,291.66,291.66,287.03,287.44,397358,1148:26,1149:842,1150:178,1151:72,1152:204,1153:99,1154:83,1155:200,1156:257,1157:488,1158:237,1159:510,1160:501,1161:172,1163:6,1164:33,1165:46,1166:7,1169:1
2026-02-26|0,285.75,289.5,282.0,288.35,207699,1128:43,1130:23,1131:6,1132:9,1133:29,1134:18,1135:158,1136:41,1138:40,1139:124,1140:73,1141:87,1142:15,1143:120,1144:86,1145:20,1146:76,1147:55,1148:12,1149:19,1150:69,1151:430,1152:101,1153:202,1154:21,1155:80,1156:94,1157:6,1159:2
2026-02-26|1,287.93,294.68,287.56,294.25,266638,1151:12,1152:25,1154:180,1155:124,1156:81,1157:52,1158:48,1160:111,1161:47,1162:52,1163:44,1164:70,1165:18,1166:35,1167:10,1168:43,1169:46,1170:314,1171:24,1172:28,1173:81,1174:53,1175:307,1176:268,1177:315,1178:265
2026-02-27|0,294.38,300.5,293.095,297.0,354997,1173:5,1174:32,1175:113,1176:73,1177:61,1178:206,1179:16,1180:54,1181:63,1182:58,1183:273,1184:200,1185:238,1186:174,1187:259,1188:223,1189:154,1190:162,1191:75,1192:222,1193:87,1194:106,1195:27,1196:77,1197:136,1198:73,1199:236,1200:96,1201:37
2026-02-27|1,297.23,299.93,294.93,299.87,382308,1179:9,1180:59,1182:109,1183:127,1184:246,1185:529,1186:365,1187:209,1188:514,1189:277,1190:57,1191:33,1192:27,1193:52,1194:114,1195:280,1196:323,1197:209,1199:275
2026-03-02|0,300.0,304.0,293.0213,299.12,425533,1174:8,1177:78,1178:49,1180:120,1181:76,1184:17,1185:19,1186:23,1187:91,1188:22,1189:71,1190:49,1191:65,1192:84,1193:117,1194:165,1195:214,1196:247,1197:155,1198:291,1199:556,1200:201,1201:486,1202:175,1203:205,1204:191,1205:106,1206:93,1207:50,1208:32,1209:154,1210:28
2026-03-02|1,299.1275,304.7,297.5,304.35,312421,1191:10,1192:28,1193:47,1194:78,1195:32,1196:113,1197:64,1198:128,1199:81,1200:54,1201:44,1202:52,1203:102,1204:44,1205:56,1206:20,1207:33,1208:63,1209:104,1210:283,1211:294,1212:99,1213:173,1214:314,1215:63,1216:124,1217:608
2026-03-03|0,291.0,291.42,275.525,280.63,746371,1103:43,1104:58,1105:45,1106:78,1107:36,1108:9,1109:97,1112:66,1113:77,1114:109,1115:1296,1116:106,1117:136,1118:129,1119:470,1120:466,1121:114,1122:186,1123:374,1124:44,1125:244,1126:132,1127:149,1128:56,1129:270,1130:255,1131:452,1132:336,1133:174,1134:106,1135:499,1136:120,1137:86,1138:62,1141:41,1144:32,1148:40,1149:77,1151:12,1152:40,1153:93,1155:37,1161:190
2026-03-03|1,280.49,281.45,277.3401,281.19,488264,1110:56,1111:277,1112:251,1113:333,1114:199,1115:306,1116:269,1117:172,1118:165,1119:350,1120:463,1121:292,1122:121,1123:774,1124:826,1125:21
2026-03-04|0,285.75,287.9999,279.665,282.03,264748,1119:24,1121:86,1122:71,1123:25,1124:34,1125:62,1126:67,1127:44,1128:216,1129:123,1130:173,1131:271,1132:356,1133:352,1134:79,1135:86,1136:146,1137:93,1138:62,1139:16,1142:13,1143:238
2026-03-04|1,282.035,284.08,279.45,281.21,402241,1118:74,1120:60,1121:37,1122:74,1123:67,1124:767,1125:77,1126:180,1127:192,1128:68,1129:526,1130:498,1131:279,1132:360,1133:280,1134:366,1135:110
2026-03-05|0,279.01,280.51,267.28,267.86,300445,1069:21,1070:34,1071:52,1072:52,1073:8,1074:16,1075:72,1076:113,1077:105,1078:64,1079:95,1080:203,1081:83,1082:103,1083:87,1084:79,1085:20,1086:17,1087:3,1088:22,1090:189,1091:110,1092:40,1093:138,1094:167,1095:69,1096:158,1097:86,1098:68,1099:49,1100:182,1101:25,1102:24,1104:36,1105:29,1106:48,1107:87,1108:2,1109:38,1112:20,1115:170
2026-03-05|1,268.05,276.56,267.5,276.31,345624,1070:11,1071:67,1072:89,1073:32,1074:30,1075:47,1077:15,1078:69,1079:54,1080:143,1081:55,1082:271,1083:153,1084:334,1085:188,1086:133,1087:55,1088:74,1089:47,1090:58,1093:45,1094:23,1095:64,1096:75,1097:125,1098:320,1099:130,1100:7,1101:43,1103:267,1105:417
2026-03-06|0,270.15,281.54,267.979,277.64,310047,1073:18,1074:44,1075:50,1077:18,1078:72,1079:96,1080:35,1081:137,1082:258,1083:31,1085:76,1086:112,1087:8,1088:102,1089:53,1093:22,1095:34,1098:41,1099:84,1100:55,1101:11,1104:40,1105:37,1106:7,1107:43,1109:18,1110:41,1111:82,1112:152,1113:131,1114:82,1115:149,1116:164,1117:162,1118:187,1119:155,1120:125,1121:45,1122:50,1123:26,1124:28
2026-03-06|1,277.28,281.41,277.1815,279.81,297607,1109:19,1110:36,1111:61,1112:21,1113:136,1114:385,1115:150,1116:360,1117:322,1118:250,1119:396,1120:205,1121:83,1122:291,1123:206,1124:47
2026-03-09|0,271.39,273.89,264.1419,273.755,344672,1058:8,1059:32,1060:149,1061:38,1062:27,1063:116,1064:22,1066:49,1068:158,1069:11,1070:9,1071:69,1072:141,1073:46,1074:205,1075:94,1076:172,1077:27,1078:34,1079:106,1080:132,1081:96,1082:358,1083:136,1084:84,1085:227,1086:216,1087:183,1088:107,1089:29,1090:35,1091:110,1092:40,1093:64,1094:84,1095:14
2026-03-09|1,273.82,282.485,273.29,281.861,299038,1093:60,1094:162,1095:150,1096:144,1097:135,1098:70,1099:12,1100:20,1102:117,1103:60,1104:36,1105:92,1106:45,1107:24,1108:48,1109:55,1110:77,1113:20,1116:94,1118:21,1119:27,1121:68,1122:153,1123:79,1124:276,1125:116,1126:144,1127:344,1128:103,1129:222
2026-03-10|0,285.25,288.0,282.4301,283.32,269027,1131:38,1132:36,1133:134,1134:253,1135:114,1136:262,1137:270,1138:212,1139:159,1140:160,1141:151,1142:84,1143:147,1144:113,1145:186,1146:112,1147:65,1148:35,1149:26,1150:23,1151:95,1152:4
2026-03-10|1,283.41,285.855,280.81,281.7,289490,1124:133,1125:289,1126:432,1127:246,1128:196,1129:148,1130:81,1131:159,1132:140,1133:155,1134:63,1135:192,1136:38,1137:71,1138:170,1139:45,1140:113,1141:120,1142:52,1143:38,1145:2
2026-03-11|0,275.02,279.4,270.3101,274.86,249127,1083:13,1084:116,1085:38,1086:32,1087:137,1088:142,1089:166,1090:154,1091:84,1092:31,1093:41,1094:43,1095:68,1096:105,1097:215,1098:114,1099:43,1100:142,1101:11,1102:71,1103:88,1104:10,1105:20,1106:41,1107:75,1108:112,1109:69,1110:80,1111:19,1112:33,1113:20,1114:43,1115:86,1117:14
2026-03-11|1,274.845,276.24,272.275,275.84,200751,1090:17,1091:78,1092:51,1093:58,1094:37,1095:45,1096:46,1097:86,1098:102,1099:218,1100:145,1101:276,1102:273,1103:508,1104:61
2026-03-12|0,274.07,276.925,269.5,274.72,233985,1079:7,1080:167,1081:38,1082:113,1083:40,1084:92,1085:68,1086:80,1087:105,1088:108,1089:75,1090:166,1091:63,1092:160,1093:167,1094:98,1095:54,1096:159,1097:125,1098:34,1099:147,1100:127,1101:68,1102:9,1104:57
2026-03-12|1,274.28,274.88,269.43,269.83,289454,1078:451,1079:330,1081:122,1082:156,1083:44,1084:307,1085:41,1086:228,1087:335,1088:247,1089:98,1090:112,1091:155,1092:72,1093:17,1094:79,1095:17,1096:41,1097:5,1098:27
2026-03-13|0,269.83,271.79,260.3,261.52,350005,1042:49,1043:12,1044:81,1045:40,1046:147,1047:267,1048:317,1049:117,1050:136,1051:64,1052:33,1053:81,1054:210,1055:117,1056:107,1057:70,1058:82,1059:59,1060:127,1061:31,1062:37,1063:87,1064:9,1065:38,1066:19,1067:33,1068:65,1069:44,1070:177,1071:27,1072:16,1073:116,1074:18,1075:106,1076:266,1077:28,1078:29,1079:31,1080:188
2026-03-13|1,261.545,262.46,257.96,259.07,443583,1032:312,1033:176,1034:223,1035:93,1036:565,1037:318,1038:372,1039:86,1040:201,1041:120,1042:287,1043:228,1044:54,1045:100,1046:324,1047:213,1048:693,1049:63
2026-03-16|0,255.44,257.87,246.33,248.31,599476,986:84,987:119,988:91,989:83,990:88,991:437,992:265,993:236,994:366,995:189,996:96,997:162,998:202,999:99,1000:171,1001:335,1002:233,1003:87,1004:108,1005:91,1007:49,1008:15,1009:33,1011:68,1012:81,1013:273,1014:67,1015:45,1016:16,1017:136,1018:44,1019:285,1020:208,1021:752,1022:88,1023:63,1024:157,1025:22,1026:29
2026-03-16|1,247.7,251.95,246.91,250.22,738765,988:124,989:12,990:137,991:239,992:133,993:41,994:3,995:60,996:811,997:1912,998:592,999:366,1000:838,1001:402,1002:300,1003:511,1004:484,1005:266,1006:138,1007:11
2026-03-17|0,254.82,259.74,253.425,255.175,416201,1018:381,1019:9,1020:68,1021:188,1022:353,1023:81,1024:115,1025:186,1026:316,1027:268,1028:259,1029:294,1030:214,1031:170,1032:317,1033:346,1034:267,1035:224,1036:60,1037:36
2026-03-17|1,255.315,256.13,252.5,255.98,507282,1010:215,1011:401,1012:508,1013:266,1015:345,1016:167,1017:420,1018:503,1019:414,1020:460,1021:184,1022:640,1023:545
2026-03-18|0,247.5,249.75,243.75,246.62,540111,978:98,979:126,980:120,981:208,982:936,983:356,984:503,985:496,986:761,987:679,988:621,989:152,990:317,991:12,992:9
2026-03-18|1,246.51,246.76,240.72,242.42,471117,963:63,964:80,965:138,966:174,967:464,968:843,969:378,970:529,971:18,972:60,973:224,974:169,975:141,976:80,977:227,978:315,979:22,980:110,981:135,982:116,983:76,984:95,985:93,986:148
2026-03-19|0,227.125,228.6,222.14,223.044,1056099,890:59,891:316,892:1656,893:765,894:207,895:630,896:525,897:333,898:279,899:436,900:195,901:213,902:594,903:406,904:220,905:515,906:580,907:344,908:374,909:1402,910:174,911:286,912:41
2026-03-19|1,223.14,225.76,220.44,225.18,787488,882:61,883:154,884:356,885:303,886:646,887:1207,888:870,889:209,890:125,891:39,892:26,893:32,894:68,895:22,896:421,897:784,898:779,899:851,900:471,901:173,902:267
2026-03-20|0,225.2,226.0,217.09,218.91,754020,868:317,869:273,870:73,871:530,872:133,873:254,874:369,875:258,876:331,877:369,878:610,879:568,880:89,881:98,882:93,883:253,884:357,885:533,886:214,887:169,888:130,889:40,890:120,891:115,892:84,893:73,894:80,895:62,896:124,897:21,898:90,899:78,900:533,901:14,902:68
2026-03-20|1,218.8801,220.0945,213.76,215.3,896787,857:983,858:1561,859:941,860:1222,861:759,862:514,863:758,864:70,866:235,867:387,868:95,869:100,870:97,871:21,872:115,873:271,874:286,875:120,876:27,877:218,878:119,879:59
2026-03-23|0,219.88,226.57,219.0,223.84,594993,879:374,884:31,885:90,886:106,887:195,888:190,889:122,890:484,891:443,892:289,893:294,894:190,895:485,896:579,897:246,898:269,899:267,900:224,901:217,902:254,903:346,904:128,905:117
2026-03-23|1,223.8,225.63,222.24,222.67,605575,889:173,890:807,891:411,892:415,893:597,894:929,895:535,896:600,897:433,898:270,899:363,900:228,901:284,902:4
2026-03-24|0,218.99,225.93,217.0001,225.66,523026,869:75,870:10,871:10,872:59,873:98,874:17,875:36,876:226,877:47,878:15,879:10,880:34,881:131,882:147,883:97,884:154,885:51,886:97,887:55,888:26,889:97,890:102,891:20,892:487,893:569,894:317,895:158,896:567,897:425,898:382,899:361,900:97,901:168,902:60,903:10
2026-03-24|1,225.57,227.45,222.65,227.38,550858,891:57,892:57,893:61,894:159,895:77,896:68,897:110,898:119,899:24,900:136,901:604,902:567,903:613,904:368,905:350,906:463,907:290,908:774,909:604
2026-03-25|0,235.0,236.6,228.83,230.44,526481,916:118,917:98,918:127,919:166,920:409,921:928,922:648,923:532,924:228,925:203,926:22,927:105,928:29,929:157,930:157,931:132,932:105,933:258,934:237,935:229,936:59,937:12,939:11,940:20,941:263
2026-03-25|1,230.37,233.05,229.95,233.05,610498,920:43,921:93,922:150,923:213,924:257,925:187,926:390,927:661,928:1063,929:581,930:1164,931:1295,932:1
2026-03-26|0,223.22,237.33,223.22,230.34,559864,902:113,912:31,914:35,915:47,916:14,917:3,918:12,919:31,920:70,921:18,922:227,923:202,924:45,925:147,926:7,927:102,928:28,929:11,930:11,931:25,932:235,933:205,934:123,935:288,936:220,937:254,938:458,939:818,940:549,941:387,942:165,943:79,944:113,945:29,947:460,948:19
2026-03-26|1,230.54,232.235,228.715,230.81,751384,915:41,916:99,917:96,918:110,919:314,920:933,921:575,922:2436,923:1209,924:495,925:385,926:430,927:144,928:239
2026-03-27|0,230.69,237.51,229.11,235.59,336271,917:24,918:89,919:49,920:328,921:132,922:273,923:237,924:70,925:135,926:190,927:69,929:10,930:73,931:17,932:19,934:33,936:7,938:87,939:63,940:264,941:322,942:233,943:188,944:139,945:148,946:90,947:61
2026-03-27|1,235.86,237.76,234.695,237.66,451548,939:201,940:122,941:331,942:207,943:282,944:252,945:270,946:726,947:569,948:435,949:300,950:814
2026-03-30|0,240.42,241.96,238.0,240.255,520830,953:37,954:12,955:156,956:343,957:112,958:579,959:1074,960:929,961:645,962:666,963:215,964:192,965:222,966:21
2026-03-30|1,240.115,240.51,236.64,238.85,772399,947:140,948:192,949:260,950:335,951:465,952:1128,953:276,954:930,955:780,956:1248,957:1034,958:481,959:330,960:104,961:9,962:4
2026-03-31|0,243.0,253.56,242.697,252.64,369221,972:114,973:43,974:19,975:114,976:86,977:141,978:140,979:45,980:155,981:47,982:95,983:98,984:58,985:80,986:176,987:264,988:411,989:174,990:185,991:467,992:48,993:15,994:79,995:143,996:36,997:68,998:57,1000:36,1002:27,1005:80,1009:74,1010:10,1012:59,1013:30
2026-03-31|1,252.255,255.1,251.0,254.51,567308,1004:15,1005:5,1006:52,1007:70,1008:271,1009:181,1010:353,1011:410,1012:483,1013:703,1014:425,1015:196,1016:843,1017:1328,1018:236,1019:96
2026-04-01|0,260.0,268.6599,258.0,266.6,609080,1035:33,1036:66,1037:117,1039:227,1040:500,1041:211,1042:55,1043:40,1044:567,1045:428,1046:293,1047:194,1048:115,1050:47,1051:56,1052:30,1053:67,1054:21,1055:63,1056:64,1057:189,1058:111,1059:41,1060:21,1061:10,1062:38,1063:94,1064:222,1065:329,1066:318,1067:416,1068:163,1069:207,1070:192,1071:398,1072:44,1073:80,1074:5
2026-04-01|1,266.545,267.535,264.09,264.39,659122,1056:279,1057:782,1058:398,1059:154,1060:616,1061:824,1062:397,1063:744,1064:223,1065:442,1066:488,1067:381,1068:746,1069:109
2026-04-02|0,253.32,263.075,252.0001,261.39,438035,1014:158,1021:69,1022:25,1023:89,1024:128,1025:357,1026:6,1027:69,1028:193,1029:51,1030:226,1031:98,1032:77,1033:244,1034:202,1035:61,1036:293,1037:113,1038:379,1039:496,1040:483,1041:105,1042:37,1043:29,1044:5,1045:337,1046:35
2026-04-02|1,261.57,264.175,261.17,262.91,402398,1045:279,1046:574,1047:187,1048:33,1049:131,1050:542,1051:653,1052:681,1053:340,1054:417,1055:102,1056:80
2026-04-06|0,262.33,263.75,257.4,261.025,164496,1030:12,1031:37,1033:47,1034:91,1035:59,1036:240,1037:82,1038:42,1039:52,1040:144,1041:85,1042:170,1043:118,1044:138,1045:35,1046:29,1047:151,1048:14,1049:82,1053:4,1055:3
2026-04-06|1,261.03,262.54,259.19,260.59,189339,1037:12,1038:32,1039:44,1040:36,1041:97,1042:581,1043:231,1044:250,1045:120,1046:167,1047:152,1048:87,1049:79
2026-04-07|0,260.31,262.43,256.33,259.3,184386,1027:29,1028:27,1029:9,1030:31,1031:64,1033:76,1034:18,1035:16,1036:76,1037:95,1038:149,1039:93,1040:208,1041:163,1042:269,1043:61,1044:157,1045:141,1046:18,1047:71,1048:63
2026-04-07|1,259.37,262.145,259.0,260.85,223302,1036:41,1037:114,1038:135,1039:73,1040:155,1041:214,1042:297,1043:567,1044:330,1045:159,1046:106,1047:36
2026-04-08|0,274.06,276.03,267.0,270.49,276214,1069:32,1070:27,1071:31,1072:68,1073:161,1074:36,1075:78,1076:65,1077:71,1078:186,1079:164,1080:169,1081:158,1082:171,1083:130,1084:159,1085:141,1086:63,1087:73,1088:102,1089:175,1090:81,1091:12,1092:57,1093:19,1095:12,1096:12,1097:296
2026-04-08|1,270.66,270.825,266.0,268.34,209993,1064:25,1065:16,1066:58,1067:127,1068:119,1069:267,1070:96,1071:33,1072:68,1073:608,1074:84,1075:22,1076:21,1077:21,1078:82,1079:94,1080:145,1081:100,1082:85,1083:17,1084:3
2026-04-09|0,268.66,273.0,264.89,267.69,161676,1060:18,1061:37,1062:64,1063:54,1064:146,1065:56,1066:98,1067:73,1068:9,1069:42,1070:124,1071:167,1072:280,1073:98,1074:124,1075:20,1076:10,1077:16,1079:27,1080:18,1081:1,1083:27,1084:5,1085:1,1086:29,1087:9,1088:4,1089:8,1090:15,1091:23
2026-04-09|1,267.41,268.64,265.18,265.31,278163,1061:381,1062:289,1063:197,1064:493,1065:143,1066:268,1067:338,1068:277,1069:91,1070:24,1071:21,1072:78,1073:122,1074:48,1076:2,1077:1
2026-04-10|0,267.51,270.0,264.84,266.26,260562,1060:59,1061:345,1062:53,1063:67,1064:128,1065:78,1066:180,1067:233,1068:359,1069:81,1070:279,1071:175,1072:32,1073:185,1074:73,1075:112,1076:52,1077:105
2026-04-10|1,266.37,267.06,265.46,266.91,126987,1062:29,1063:170,1064:259,1065:193,1066:290,1067:297,1068:23,1069:5
2026-04-13|0,264.84,267.54,263.19,266.28,144708,1054:18,1055:32,1056:84,1057:176,1058:207,1059:197,1060:207,1061:83,1062:55,1063:91,1064:87,1065:59,1066:21,1067:80,1068:14,1069:15,1070:12
2026-04-13|1,266.7775,267.06,263.545,264.34,213622,1054:69,1055:44,1056:129,1057:671,1058:325,1059:332,1060:92,1061:21,1062:164,1063:14,1064:19,1065:26,1066:154,1067:25,1068:41,1069:2
2026-04-14|0,267.93,270.25,265.55,267.97,236150,1062:6,1064:72,1066:63,1068:8,1069:79,1070:119,1071:162,1072:405,1073:169,1074:399,1075:239,1076:177,1077:208,1078:133,1079:63,1080:49
2026-04-14|1,267.97,271.84,267.5,271.51,321555,1070:102,1071:105,1072:77,1073:296,1074:347,1075:318,1076:229,1077:121,1078:92,1079:86,1080:206,1081:245,1082:141,1084:423,1086:419
2026-04-15|0,274.48,276.99,270.3,272.945,354865,1081:32,1082:4,1083:70,1084:57,1085:386,1086:89,1087:139,1088:487,1089:202,1090:159,1091:516,1092:134,1093:164,1094:61,1095:422,1096:54,1097:72,1098:77,1099:194,1100:68,1101:46,1102:18,1103:26,1104:53,1106:5
2026-04-15|1,273.13,273.9381,269.78,269.92,367276,1079:313,1080:309,1082:318,1083:128,1084:122,1085:19,1086:107,1087:28,1088:25,1089:377,1090:291,1091:602,1092:633,1093:337,1094:57
2026-04-16|0,270.53,271.655,264.6,264.9,274299,1058:3,1059:19,1060:93,1061:33,1062:57,1063:41,1064:49,1065:32,1066:73,1067:226,1068:471,1069:137,1070:57,1071:134,1072:331,1073:108,1074:123,1075:35,1076:310,1077:9,1078:34,1079:14,1080:65,1081:32,1082:158,1083:7,1084:24,1085:54
2026-04-16|1,265.09,265.295,260.585,262.19,542028,1043:622,1044:271,1045:856,1046:647,1047:546,1048:984,1049:138,1050:219,1051:229,1052:29,1053:148,1054:219,1055:32,1056:201,1057:78,1058:52,1059:95,1060:41,1063:2,1064:1
2026-04-17|0,265.84,275.499,264.525,269.8784,409215,1059:21,1060:67,1061:17,1062:13,1063:17,1064:111,1065:17,1066:34,1067:13,1069:59,1070:27,1071:51,1074:46,1075:76,1076:78,1077:32,1078:88,1079:109,1080:77,1081:55,1082:229,1083:283,1084:992,1085:429,1086:74,1087:74,1088:48,1089:47,1090:60,1091:46,1092:275,1093:121,1094:7,1095:64,1096:55,1097:76,1098:63,1099:92,1100:15,1102:13
2026-04-17|1,270.04,270.96,267.545,268.16,227273,1070:21,1071:259,1072:747,1073:287,1074:133,1075:155,1076:98,1077:63,1078:86,1079:69,1080:284,1081:10,1082:39,1083:15
2026-04-20|0,267.01,267.01,262.14,263.281,165982,1049:28,1050:76,1051:40,1052:97,1053:208,1054:148,1055:95,1056:163,1057:74,1058:70,1059:67,1061:140,1062:154,1063:59,1064:92,1065:14,1066:128
2026-04-20|1,263.045,265.37,262.76,264.48,172855,1051:33,1052:158,1053:125,1054:93,1055:114,1056:106,1057:210,1058:645,1059:170,1060:69
2026-04-21|0,263.76,264.77,255.2,255.72,236656,1021:36,1022:47,1023:96,1024:99,1025:121,1026:235,1027:66,1028:117,1029:204,1030:156,1031:79,1032:85,1033:28,1034:75,1035:42,1036:19,1038:16,1039:43,1043:33,1044:29,1045:10,1046:53,1048:31,1049:61,1050:13,1051:131,1052:31,1053:81,1054:178,1055:14,1056:26,1057:64,1058:31,1059:4
2026-04-21|1,255.85,256.93,252.63,252.86,291636,1011:478,1012:106,1013:102,1014:172,1015:125,1016:174,1017:176,1018:19,1019:138,1020:168,1021:188,1022:258,1023:260,1024:189,1025:172,1026:152,1027:30
2026-04-22|0,258.26,259.45,251.59,251.87,333198,1006:5,1007:89,1008:300,1009:102,1010:134,1011:95,1012:202,1013:18,1015:85,1016:18,1017:271,1018:181,1019:135,1020:163,1021:36,1022:18,1023:27,1024:116,1025:181,1026:120,1027:189,1028:189,1029:204,1030:114,1031:120,1032:126,1033:4,1034:51,1035:28
2026-04-22|1,251.63,253.04,249.69,251.43,466266,999:15,1000:651,1001:139,1002:704,1003:799,1004:542,1005:809,1006:121,1007:140,1008:544,1009:177,1010:15
2026-04-23|0,249.74,253.72,248.2359,251.905,143850,999:101,1000:34,1003:3,1004:101,1005:108,1006:217,1007:211,1008:221,1009:134,1010:215,1011:57,1012:22,1013:7,1014:2
2026-04-23|1,251.85,251.85,245.37,251.06,343661,982:19,985:71,986:128,987:125,988:169,989:165,990:115,991:72,992:94,993:73,994:44,995:213,996:139,997:215,998:259,999:316,1000:127,1001:55,1002:72,1003:40,1004:617,1005:273,1006:8,1007:15
2026-04-24|0,253.38,253.97,249.209,252.21,357771,1000:17,1001:181,1002:70,1003:349,1004:225,1005:784,1006:414,1007:176,1008:723,1009:161,1010:188,1011:138,1012:61,1013:84
2026-04-24|1,252.17,253.23,249.745,252.36,389149,999:76,1000:103,1001:918,1002:397,1003:559,1004:528,1005:42,1006:290,1007:84,1008:150,1009:683,1010:10,1011:15,1012:12,1013:18
2026-04-27|0,251.0,251.86,247.05,249.1,146223,993:8,994:56,995:205,996:255,997:171,998:165,999:120,1000:106,1001:47,1002:6,1003:132,1004:66,1005:49,1006:70
2026-04-27|1,248.83,249.93,245.78,245.78,216740,984:486,985:460,986:53,987:64,989:35,990:145,991:106,992:41,993:93,994:113,995:297,996:147,997:86,998:28,999:6
2026-04-28|0,243.16,243.16,233.89,235.04,322456,936:36,937:204,938:171,939:33,940:395,941:404,942:195,943:227,944:105,945:207,946:136,947:101,948:285,949:87,950:62,952:148,953:27,954:93,956:44,957:14,958:25,959:12,962:202
2026-04-28|1,235.17,238.38,235.1001,236.85,311974,940:36,941:57,942:95,943:144,944:42,945:117,946:171,947:919,948:851,949:284,950:194,951:60,952:114,953:29
2026-04-29|0,233.63,233.89,229.51,232.135,370201,918:83,919:734,920:777,921:324,922:534,923:331,924:80,925:170,926:170,927:120,928:122,929:27,930:12,931:30,932:123,933:21,934:12,935:24
2026-04-29|1,232.085,232.1,229.26,230.99,288289,917:29,918:139,919:122,920:244,921:534,922:568,923:553,924:155,925:351,926:100,927:30,928:51
2026-04-30|0,235.29,237.16,232.91,233.21,200373,931:7,932:164,933:211,934:249,935:406,936:97,937:125,938:79,939:40,940:71,941:63,942:217,943:65,944:44,945:61,946:81,947:14
2026-04-30|1,233.1,234.43,232.51,233.33,268121,930:54,931:249,932:399,933:794,934:493,935:539,936:109,937:33,938:6
2026-05-01|0,231.54,235.0,228.99,229.665,220641,916:111,917:118,918:257,919:38,920:108,921:43,922:63,923:46,924:111,925:114,926:174,927:63,928:160,929:74,930:100,931:80,932:77,933:83,934:81,935:35,936:142,937:52,938:32,939:27,940:5
2026-05-01|1,229.59,231.65,229.55,230.58,271009,918:9,919:211,920:319,921:1268,922:480,923:195,924:117,925:65,926:29,927:9
2026-05-04|0,228.95,232.26,227.61,228.99,271217,914:136,916:86,917:29,918:98,919:180,920:420,921:497,922:379,923:138,924:285,925:160,926:215,927:49,928:32,931:1
2026-05-04|1,228.945,229.8,227.41,228.37,212028,910:93,911:429,912:338,913:450,914:141,915:252,916:275,917:64,918:66,920:6
2026-05-05|0,231.14,232.66,225.98,226.93,294049,904:65,905:153,906:143,907:495,908:559,909:527,910:380,911:133,912:184,913:85,914:109,916:8,918:14,919:5,920:8,924:5,925:50,928:5,930:4
2026-05-05|1,226.82,227.09,225.61,225.84,325886,902:20,903:857,904:852,905:858,906:476,907:172,908:14,909:4,912:1
2026-05-06|0,236.54,237.9,232.96,234.605,568085,932:348,933:469,934:183,935:108,936:167,937:209,938:358,939:64,940:342,941:198,942:214,943:688,944:562,945:145,946:498,947:561,948:223,949:335
2026-05-06|1,234.52,237.3,233.15,237.1,442104,933:40,934:115,935:614,936:594,937:425,938:476,939:92,940:88,941:238,942:30,943:66,944:63,945:132,946:490,947:480,948:471
2026-05-07|0,247.0,248.35,237.37,237.37,499936,950:28,951:46,952:98,953:21,954:90,955:72,956:54,957:28,958:13,959:48,960:66,961:37,962:359,963:31,964:7,965:506,966:93,967:146,968:512,969:405,970:240,971:200,972:431,973:149,974:5,975:83,976:86,977:14,978:33,980:20,981:128,982:53,983:38,984:42,985:192,987:390,988:98,991:118
2026-05-07|1,237.49,237.5299,232.25,232.61,466749,929:159,930:921,931:131,932:51,933:296,934:398,935:135,936:490,937:412,938:230,939:315,940:425,941:184,942:121,943:31,944:36,945:54,946:51,947:118,948:64,949:31,952:2
2026-05-08|0,236.58,239.65,235.0,237.43,290149,940:23,941:108,942:34,943:54,944:249,945:88,946:316,947:427,948:476,949:265,950:306,951:87,952:94,953:149,954:113,955:71,956:24,957:7
2026-05-08|1,237.57,239.105,236.625,239.03,247496,947:27,948:137,949:186,950:184,951:291,952:142,953:351,954:659,955:494
2026-05-11|0,240.63,246.88,240.45,243.815,282157,962:166,970:3,971:18,972:142,973:37,974:51,975:94,976:243,977:229,978:446,979:517,980:162,981:364,982:199,983:38,984:62,985:36,987:7
2026-05-11|1,243.63,246.085,243.3201,245.05,254872,973:16,974:104,975:131,976:265,977:81,978:84,979:288,980:692,981:432,982:180,983:254,984:13,985:1
2026-05-12|0,240.52,245.078,238.69,241.87,221681,955:15,956:64,957:59,958:28,959:46,960:66,961:48,962:200,963:136,964:72,965:49,966:65,967:132,968:112,969:151,970:34,971:24,972:112,973:108,974:211,975:90,976:98,977:63,978:137,979:73,980:11
2026-05-12|1,241.87,247.1899,241.32,245.49,264336,966:26,967:21,968:8,969:34,970:29,971:10,972:85,973:62,974:106,975:64,976:34,977:33,979:38,980:49,981:629,982:378,983:303,984:182,985:339,986:101,987:86,988:16
2026-05-13|0,243.78,246.09,240.5,244.79,252923,962:27,963:39,964:178,965:231,966:135,967:199,968:262,969:302,970:150,971:96,972:13,973:249,974:105,975:189,976:94,977:32,978:1,979:28,980:19,981:47,982:85,983:36,984:1,987:1
2026-05-13|1,244.62,245.28,243.37,244.89,260005,973:17,974:62,975:263,976:459,977:675,978:369,979:750,980:2
2026-05-14|0,244.845,244.99,240.14,241.9,241508,961:47,962:145,963:204,964:224,965:394,966:275,967:48,968:170,969:271,970:300,971:147,972:32,973:23,974:28,979:100
2026-05-14|1,241.78,242.44,240.34,240.56,224502,962:490,963:55,964:205,965:410,966:318,967:277,968:391,969:84,970:6,971:3
2026-05-15|0,234.05,234.05,227.01,228.95,303911,908:6,909:131,910:29,911:68,912:264,913:209,914:266,915:109,916:283,917:277,918:269,919:99,920:386,921:112,922:101,923:70,924:45,927:26,933:279
2026-05-15|1,228.93,231.0,227.981,228.255,354543,912:1084,913:170,914:342,915:161,916:72,917:222,918:309,919:399,920:492,921:245,922:32,923:6,924:1,926:2
2026-05-18|0,229.0,232.84,224.88,225.14,230679,900:52,901:54,902:51,903:33,904:81,905:133,906:219,907:189,908:57,910:4,911:71,912:102,913:78,914:252,915:3,916:159,917:184,918:100,919:53,920:177,921:52,922:29,923:10,926:35,928:61,929:20,930:35
2026-05-18|1,225.12,226.88,224.4,226.14,279318,897:63,898:74,899:110,900:149,901:238,902:141,903:566,904:1135,905:279,906:26,907:6
2026-05-19|0,223.51,223.516,218.4712,219.43,255114,874:32,875:98,876:245,877:393,878:300,879:389,880:253,881:163,882:26,883:68,884:111,885:130,886:132,887:37,893:166
2026-05-19|1,219.2,221.0177,217.83,218.86,333391,871:34,872:261,873:101,874:533,875:977,876:393,877:463,878:201,879:108,880:53,881:89,882:106,883:8
2026-05-20|0,220.8,223.99,216.93,222.785,240796,869:24,870:47,871:22,872:61,873:37,874:63,875:185,876:102,877:7,878:27,880:79,881:76,882:339,883:84,884:190,885:36,886:25,888:110,889:190,890:196,891:169,892:308,893:18
2026-05-20|1,222.755,223.595,222.29,223.12,216583,889:53,890:390,891:836,892:806,893:58,894:16,895:1,896:2
2026-05-21|0,219.14,222.03,217.85,220.485,100972,874:15,875:99,876:31,877:14,878:14,879:25,880:58,881:134,882:261,883:214,884:65,885:63,887:10
2026-05-21|1,220.485,224.82,220.365,222.33,200203,881:32,882:99,883:27,884:14,885:16,886:9,887:6,888:169,889:505,890:319,891:125,892:105,893:94,894:68,895:152,896:117,897:111,898:22,899:2
2026-05-22|0,221.0,221.86,216.9,220.55,159354,868:93,869:155,870:275,871:103,872:52,873:38,874:138,875:123,876:83,877:44,878:91,879:89,880:90,881:24,882:87,883:94,884:1,885:3
2026-05-22|1,220.66,221.4,219.7901,220.29,146197,879:59,880:389,881:361,882:284,883:212,884:139,885:13,886:1
2026-05-26|0,224.65,226.97,222.8,226.5299,182547,892:69,893:110,894:173,895:374,896:176,897:167,898:194,899:257,900:35,901:28,902:18,903:77,904:33,905:104,907:2
2026-05-26|1,226.1925,227.36,225.0,226.15,256456,900:205,901:292,902:419,903:954,904:272,905:161,906:62,907:57,908:88,909:51
2026-05-27|0,222.09,224.775,219.84,220.8,171569,880:58,881:37,882:26,883:100,884:179,885:153,886:114,887:116,888:339,889:197,890:181,891:74,892:44,893:21,894:18,897:39,898:11
2026-05-27|1,220.91,221.855,218.16,218.2,251206,873:661,874:335,875:297,876:121,878:45,879:130,880:55,881:135,882:137,883:139,884:278,885:112,886:33,887:23,888:1,889:2
2026-05-28|0,216.304,222.7,213.5,222.32,302776,855:51,856:128,857:24,858:127,859:76,860:66,861:176,862:28,863:40,864:132,865:20,866:57,867:4,868:19,869:35,870:96,872:31,873:2,875:85,876:301,877:70,878:122,879:27,880:146,881:295,882:142,883:172,884:152,885:223,886:60,887:19,888:17,889:22,890:46
2026-05-28|1,222.27,223.81,221.76,222.55,246362,887:9,888:152,889:155,890:375,891:607,892:630,893:415,894:95,895:17,897:2
2026-05-29|0,222.96,228.15,221.66,226.38,219548,886:4,887:170,888:76,889:203,890:101,891:245,892:65,893:124,894:52,895:6,896:69,897:16,898:4,899:11,900:17,901:75,902:122,903:128,904:85,905:104,906:84,907:20,908:59,909:67,910:174,911:104
2026-05-29|1,226.335,226.83,224.05,224.6,243109,897:659,898:147,900:226,901:133,902:160,903:143,904:251,905:551,906:127,907:28,911:1
2026-06-01|0,218.75,219.59,214.02,217.96,249847,856:15,857:164,858:82,859:48,860:140,861:73,862:131,863:191,864:49,865:69,866:309,867:132,868:139,869:54,870:112,871:135,872:334,873:151,874:86,875:76
2026-06-01|1,217.78,220.59,217.67,217.85,180432,870:15,871:449,872:95,873:7,874:56,875:85,876:271,877:174,878:253,879:178,880:160,881:49,883:6
2026-06-02|0,218.23,219.8,213.715,217.45,243264,855:40,856:92,857:63,858:47,859:102,860:218,861:75,862:166,863:160,864:110,865:265,866:254,867:144,868:348,869:116,870:21,871:26,872:34,873:122,875:3,876:17
2026-06-02|1,217.39,219.73,216.94,219.62,231143,868:175,869:181,870:161,871:93,872:92,873:201,874:306,875:34,876:58,877:498,878:508
2026-06-03|0,216.79,219.2,216.0,218.65,214792,865:10,866:19,867:348,868:54,869:170,870:196,871:239,872:534,873:329,874:127,875:101,876:13,877:1
2026-06-03|1,218.73,220.045,216.65,216.73,233075,866:195,867:251,870:69,871:149,872:98,873:397,874:213,875:488,876:126,877:104,878:65,879:140,880:28
2026-06-04|0,220.0,224.0,219.185,219.82,150081,877:92,878:97,879:101,880:311,881:150,882:53,883:52,884:54,885:6,886:11,887:72,888:76,889:9,890:82,891:154,892:116,893:48,894:4,895:4
2026-06-04|1,219.9,220.745,219.09,220.17,170878,876:10,877:69,878:258,879:461,880:592,881:243,882:63,883:5,884:4,887:1
2026-06-05|0,216.07,216.585,207.0012,208.81,312536,828:35,829:121,830:102,831:262,832:213,833:160,834:231,835:245,836:68,837:25,838:269,839:203,840:123,841:89,842:128,843:50,844:44,845:53,846:16,847:84,848:28,850:24,851:87,852:35,854:45,855:23,856:11,857:80,858:45,860:37,861:48,862:123,863:2
2026-06-05|1,208.96,209.9799,205.55,206.02,340659,822:143,823:442,824:479,825:306,826:338,827:189,828:399,829:107,830:110,831:101,832:75,833:79,834:108,835:62,836:124,837:140,838:122,839:52,840:14,841:6,843:1
2026-06-08|0,206.5,209.28,206.5,207.9,273135,826:119,830:102,831:391,832:614,833:578,834:394,835:343,836:178,837:7
2026-06-08|1,208.155,208.2267,205.05,205.72,264121,820:104,821:418,822:605,823:112,824:14,825:15,826:12,827:11,828:30,829:261,830:358,831:485,832:188,833:21,836:1
2026-06-09|0,207.8,208.8,200.158,201.375,261926,801:28,802:26,803:17,804:46,805:116,806:115,807:190,808:86,809:17,810:27,811:96,812:152,813:82,814:54,815:76,816:110,817:19,818:12,819:33,820:79,821:126,822:68,823:190,824:19,825:96,826:11,827:82,828:58,829:159,830:62,831:205,832:70,833:57,834:11,835:7
2026-06-09|1,201.375,204.97,200.23,204.79,265209,801:9,802:8,803:10,804:126,805:58,806:45,807:82,808:75,809:91,810:12,811:294,812:203,813:357,814:362,815:173,816:87,817:158,818:210,819:282
2026-06-10|0,200.41,204.99,198.1,199.425,485104,794:44,795:103,796:27,797:109,798:374,799:304,800:985,801:106,802:279,803:31,804:110,805:97,806:215,807:104,808:34,809:73,810:30,811:218,812:204,813:194,814:412,815:422,816:198,817:79,818:72,819:13
2026-06-10|1,199.31,199.7951,196.81,197.125,302627,788:652,789:303,790:204,791:337,792:147,793:443,794:376,795:223,796:109,797:87,798:110,799:29,801:1
2026-06-11|0,196.82,200.105,195.76,199.19,366574,785:120,786:45,787:133,788:312,789:155,790:123,791:514,792:263,793:473,794:323,795:240,796:326,797:153,798:303,799:153,800:21
2026-06-11|1,199.12,205.25,199.04,204.65,345686,796:21,797:333,798:114,799:33,801:3,803:126,804:63,806:15,807:62,808:41,809:176,810:197,811:304,812:146,813:165,814:157,815:104,816:354,817:655,818:82,819:249,820:46
2026-06-12|0,206.895,208.7,203.7701,206.95,255898,817:99,818:49,819:88,820:35,821:49,822:118,823:71,824:245,825:155,826:265,827:247,828:310,829:174,830:301,831:108,832:154,833:70,834:11
2026-06-12|1,206.78,208.76,206.7501,207.521,353836,827:28,828:1122,829:1040,830:736,831:158,832:245,833:89,834:110,835:6
2026-06-15|0,218.81,220.04,214.9,214.95,290805,860:75,861:136,862:163,863:84,864:411,865:370,866:271,867:62,868:168,869:75,870:140,871:17,872:30,873:56,874:537,875:159,876:66,877:47,878:10,879:23
2026-06-15|1,215.1,215.89,214.32,215.48,325463,857:14,858:52,859:394,860:764,861:1078,862:710,863:240
2026-06-16|0,217.16,219.9999,215.28,219.7325,274686,862:61,863:97,865:46,866:166,867:189,868:570,869:227,870:210,871:205,872:272,873:116,874:55,875:84,876:179,877:129,878:93,879:36,880:2
2026-06-16|1,219.64,222.065,218.65,221.54,289190,876:336,877:231,878:230,879:68,880:87,881:190,882:261,883:159,884:148,885:141,886:831,887:204
2026-06-17|0,219.37,226.28,219.0,225.715,282832,877:66,879:5,880:9,881:20,882:24,883:99,884:60,886:12,887:77,888:172,889:77,890:76,891:7,892:58,893:39,894:74,895:192,896:31,897:34,898:318,899:328,900:112,901:185,902:221,903:330,904:157,905:21,906:9
2026-06-17|1,225.715,227.79,217.27,218.41,628100,869:56,870:25,871:154,872:88,873:794,874:527,875:533,876:361,877:67,878:25,879:56,880:113,881:124,883:41,885:78,886:38,887:150,888:102,889:290,890:154,891:238,892:322,893:73,894:114,895:182,896:86,897:43,898:27,899:142,900:76,902:114,903:64,904:273,905:464,906:92,907:13,908:26,909:63,910:47,911:25,912:1
2026-06-18|0,217.7,223.1999,213.0801,213.46,285310,853:46,854:86,855:84,856:497,857:666,858:121,859:112,860:48,861:34,862:40,863:47,864:36,865:87,866:108,867:10,868:18,870:15,871:568,873:6,877:9,878:27,881:21,882:47,883:22,884:20,885:25,886:15,887:9,888:10,889:3
2026-06-18|1,213.5,215.8,212.8356,214.81,330585,851:27,852:306,853:165,854:270,855:310,856:212,857:303,858:409,859:914,860:352,861:33
2026-06-22|0,210.06,215.9904,210.0,215.15,236606,842:192,847:32,848:7,849:13,850:78,851:16,852:80,853:205,854:186,855:396,856:193,857:93,858:107,859:220,860:200,861:205,862:90,863:45,865:1
2026-06-22|1,215.125,215.77,214.06,214.65,304361,857:394,858:715,859:823,860:391,861:437,862:271,863:9
2026-06-23|0,208.61,212.74,207.0,209.8953,195811,830:37,833:101,834:98,835:168,836:58,837:149,838:175,839:247,840:205,841:131,842:16,843:50,844:139,845:122,846:30,847:58,848:108,849:52,850:7
2026-06-23|1,209.955,210.57,206.19,206.695,224383,825:20,826:447,827:469,828:320,829:140,830:47,831:46,832:37,833:25,834:15,835:31,836:18,837:63,838:150,839:275,840:66,841:64,843:3
2026-06-24|0,200.25,205.88,200.0003,202.1829,259050,801:155,803:90,804:260,805:146,806:196,807:623,808:237,809:260,810:240,811:18,812:26,813:22,814:54,815:93,816:28,817:65,818:15,819:28,821:10,822:15
2026-06-24|1,202.25,202.86,199.9304,202.15,345171,800:110,801:376,802:213,803:328,804:530,805:258,806:190,807:352,808:868,809:126,810:95
2026-06-25|0,206.63,207.0,201.11,204.0175,269095,807:8,808:40,809:122,810:91,811:126,812:103,813:21,814:47,815:90,816:182,817:571,818:390,819:566,820:157,821:13,822:31,826:127
2026-06-25|1,203.9,204.97,203.11,204.635,262387,812:7,813:102,814:593,815:403,816:291,817:942,818:229,819:38,820:12,821:2
2026-06-26|0,205.31,210.99,205.0,209.93,208080,821:72,823:4,824:9,826:5,827:14,828:93,829:179,830:71,831:133,832:60,833:81,834:248,835:197,836:78,837:143,838:72,839:72,840:79,841:162,842:235,843:62,845:1
2026-06-26|1,209.925,210.04,207.6,207.9,241053,830:10,831:196,832:903,833:610,834:260,835:61,836:52,837:120,838:106,839:62,840:26
2026-06-29|0,204.59,207.0,200.555,200.78,173884,802:26,803:87,804:75,805:24,806:20,807:43,808:62,809:145,810:272,811:211,812:144,813:47,814:40,815:46,816:56,817:65,818:78,819:48,820:11,821:160,822:63,823:1
2026-06-29|1,200.93,202.21,200.9,202.09,277272,803:8,804:144,805:528,806:531,807:1040,808:517,809:2
2026-06-30|0,201.43,203.05,197.45,199.44,230507,790:50,792:150,793:84,794:110,795:224,796:184,797:467,798:434,799:252,800:105,801:37,802:15,803:27,806:148,807:12
2026-06-30|1,199.4701,200.95,198.7,199.66,290168,795:102,796:257,797:488,798:930,799:206,800:336,801:274,802:238,803:65,804:2
2026-07-01|0,200.97,205.13,200.215,201.845,272806,803:91,804:49,805:91,806:132,807:426,808:613,809:464,810:120,811:142,812:57,813:5,814:69,815:50,816:173,817:88,818:52,819:79,820:20
2026-07-01|1,201.69,201.845,198.54,198.79,319480,794:56,795:658,796:64,797:78,798:287,799:329,800:209,801:110,802:285,803:647,804:218,805:72,806:160,807:12,808:1,809:2
2026-07-02|0,203.05,206.18,201.67,202.79,281498,807:76,808:35,809:229,810:364,811:254,812:354,813:408,814:321,815:303,816:115,817:35,818:44,819:58,820:38,821:101,822:45,823:25
2026-07-02|1,202.78,204.39,200.76,204.27,291324,803:25,804:139,805:82,806:58,807:214,808:336,809:193,810:421,811:463,812:92,813:6,814:354,815:66,816:456
2026-07-06|0,205.62,206.745,198.48,200.39,230139,794:27,795:69,796:73,797:36,798:379,799:379,800:250,801:181,802:101,803:119,804:40,805:36,806:54,807:15,808:7,809:38,810:10,811:26,812:30,813:40,814:3,815:9,816:25,817:4,818:69,820:36,821:22,823:202,825:7
2026-07-06|1,200.48,202.69,200.475,201.91,235289,802:61,803:88,804:143,805:137,806:159,807:638,808:585,809:473,810:60,811:4
2026-07-07|0,201.68,202.42,196.3,197.36,257412,785:21,786:158,787:306,788:439,789:198,790:340,791:259,792:47,793:21,794:71,795:20,796:60,797:65,798:42,799:64,800:28,801:82,802:75,803:43,805:140,806:56,807:19,808:9
2026-07-07|1,197.45,198.33,194.9,196.58,303843,780:67,781:92,782:132,783:262,784:214,785:112,786:669,787:71,788:305,789:363,790:336,791:262,792:141,793:4,794:1
2026-07-08|0,192.76,193.8789,187.53,190.98,374575,750:47,751:105,752:117,753:351,754:202,755:204,756:274,757:94,758:51,759:365,760:372,761:183,762:220,763:107,764:68,765:133,766:203,767:195,768:68,769:65,770:65,771:229,773:7,774:7
2026-07-08|1,190.965,192.49,190.965,192.005,229366,764:15,765:121,766:616,767:976,768:484,769:76,771:1
2026-07-09|0,194.45,198.52,193.01,198.02,186748,773:20,774:37,775:26,776:6,777:15,778:165,779:14,780:9,781:48,782:44,784:45,785:113,786:233,787:159,788:49,789:131,790:166,791:157,792:242,793:153,794:25
2026-07-09|1,198.06,199.48,197.935,198.88,217662,792:277,793:435,794:555,795:661,796:147,797:90,798:7,800:1
2026-07-10|0,197.79,199.21,195.14,197.47,130133,784:78,785:34,786:57,787:158,788:321,789:292,790:126,791:128,792:78,793:2,794:4,795:17,797:1
2026-07-10|1,197.3775,197.8,196.53,196.85,128674,786:296,787:20,788:234,789:412,790:281,791:25,792:8,793:5,794:1
2026-07-13|0,194.33,195.0,191.01,191.555,380139,764:12,765:24,766:126,767:3,768:56,769:73,770:96,771:356,772:1705,773:560,774:386,775:222,776:68,777:98,778:4,779:1,780:3
2026-07-13|1,191.675,193.61,191.08,193.46,359118,764:281,765:885,766:503,767:308,768:241,769:803,770:12,771:95,772:64,773:394
2026-07-14|0,197.66,200.1,193.23,193.32,315002,773:44,774:173,775:107,776:194,777:17,778:61,779:106,780:23,781:6,782:14,783:11,784:25,785:12,786:5,787:122,788:98,789:67,790:16,791:531,792:495,793:332,794:120,795:179,796:109,797:219,798:12,799:40
2026-07-14|1,193.4,194.5499,192.31,193.5,311656,769:33,770:204,771:324,772:616,773:1104,774:323,775:276,776:105,777:121,778:6
2026-07-15|0,193.51,195.97,191.28,191.51,171395,765:23,766:173,767:182,768:175,769:88,770:20,771:32,772:48,774:101,775:222,776:86,777:165,778:120,779:120,780:72,781:41,782:37
2026-07-15|1,191.59,194.79,191.59,193.03,176085,766:11,767:50,768:147,769:62,770:38,771:180,772:369,773:121,774:153,775:233,776:282,777:40,778:59,779:9,780:1
2026-07-16|0,191.36,192.0,187.894,188.51,279422,751:27,752:77,753:118,754:132,755:261,756:100,757:198,758:291,759:406,760:338,761:219,762:286,763:125,764:29,765:171,766:7,769:1
2026-07-16|1,188.51,191.34,188.1901,191.23,356397,752:7,753:222,754:422,755:285,756:176,757:81,758:167,759:241,760:332,761:485,762:157,763:26,764:902,765:54
2026-07-17|0,189.33,192.38,188.56,190.82,256272,755:17,756:184,757:211,758:305,759:345,760:212,761:221,762:181,763:159,764:230,765:125,766:40,767:250,768:76
2026-07-17|1,190.88,191.44,188.77,189.2,268070,755:160,756:789,757:426,758:316,759:52,760:60,761:1,762:35,763:121,764:394,765:305,766:15
2026-07-20|0,188.09,189.55,186.325,187.81,199789,746:34,747:121,748:165,749:375,750:510,751:217,752:280,753:80,754:24,755:110,756:35,757:38,758:3
2026-07-20|1,187.81,188.6343,186.655,187.36,251636,747:83,748:466,749:363,750:435,751:653,752:307,753:138,754:64,756:3
2026-07-21|0,190.37,193.52,189.625,192.96,164758,758:1,759:26,760:26,761:135,762:64,763:38,764:144,765:117,766:99,767:80,768:123,769:51,770:174,771:201,772:215,773:123,774:18,775:1
2026-07-21|1,192.94,194.7299,192.94,193.95,222984,771:7,772:80,773:393,774:264,775:658,776:395,777:257,778:154,779:14,780:4
2026-07-22|0,197.56,204.07,197.56,200.675,284494,790:67,795:25,797:29,798:17,799:115,800:174,801:133,802:121,803:192,804:89,805:59,806:47,807:78,808:45,809:316,810:205,811:231,812:371,813:216,814:237,815:66
2026-07-22|1,200.725,201.39,198.82,201.34,236267,795:102,796:340,797:227,798:360,799:345,800:208,801:47,802:35,803:306,804:138,805:250
2026-07-23|0,197.65,200.295,196.0409,199.3,217721,786:6,787:50,788:36,789:140,790:11,791:97,792:95,793:174,794:110,795:394,796:151,797:491,798:220,799:185,800:5,801:4,802:1
2026-07-23|1,199.29,200.265,198.25,199.605,268503,793:50,794:274,795:518,796:534,797:145,798:956,799:169,800:34,801:2
2026-07-24|0,201.95,203.75,199.3,202.05,162013,797:7,800:29,801:1,802:38,803:122,804:158,805:117,806:217,807:227,808:72,809:13,810:51,811:225,812:216,813:108,814:11
2026-07-24|1,201.94,202.38,200.165,200.97,214104,801:70,802:208,803:845,804:456,805:113,806:88,807:186,808:124,809:44,810:1,811:2
2026-07-27|0,202.72,203.9799,199.4676,202.005,208291,798:12,799:9,800:40,801:43,802:132,803:156,804:142,805:363,806:163,807:182,808:281,809:116,810:90,811:177,812:85,813:48,814:14,815:21
2026-07-27|1,202.005,202.02,199.64,201.02,320031,798:7,799:254,800:408,801:370,802:177,803:490,804:908,805:489,806:32,807:30,808:30
2026-07-28|0,199.21,200.37,196.71,197.88,221616,787:9,788:113,789:184,790:183,791:475,792:196,793:132,794:104,795:272,796:159,797:89,798:39,799:133,800:85,801:34,803:1
2026-07-28|1,197.83,198.7037,195.71,196.06,298058,783:29,784:499,785:606,786:770,787:376,788:188,789:162,790:132,791:27,792:141,793:27,794:18
2026-07-29|0,196.0,196.0,191.5501,193.055,330693,767:191,768:153,769:679,770:352,771:177,772:200,773:390,774:263,775:184,777:100,778:239,779:114,780:184,781:75
2026-07-29|1,193.06,199.75,192.86,195.49,503897,771:8,772:102,773:38,774:4,775:89,776:91,777:50,778:120,779:122,780:68,781:748,782:646,783:461,784:310,785:165,786:206,787:106,788:523,789:63,790:306,791:218,792:92,793:107,794:72,795:133,796:132,797:46
2026-07-30|0,198.0,202.13,198.0,200.99,151343,793:110,794:109,795:27,796:83,797:137,798:167,799:84,800:67,801:119,802:91,803:137,804:91,805:173,806:49,807:56,808:3,810:2
2026-07-30|1,200.965,203.88,200.965,203.05,224249,804:8,805:76,806:388,807:366,808:148,809:67,810:81,811:436,812:145,813:316,814:144,815:62
2026-07-31|0,199.835,201.01,194.7801,196.715,246429,780:133,781:12,782:24,783:21,784:33,785:192,786:189,787:244,788:243,789:483,790:388,791:149,792:16,793:21,794:55,795:192,796:45,797:15
2026-07-31|1,196.6,198.795,196.06,198.35,223514,784:16,785:125,786:306,787:8,788:30,789:120,790:322,791:187,792:503,793:549,794:63
2026-08-03|0,198.54,201.1199,197.27,199.865,187561,790:17,791:19,792:44,793:60,794:245,796:72,797:127,798:128,799:340,800:365,801:130,802:301,803:21
2026-08-03|1,199.87,202.29,199.255,202.07,293297,797:92,798:38,799:184,800:166,801:135,802:133,803:386,804:95,805:184,806:420,807:605,808:489
2026-08-04|0,206.206,207.65,203.6405,207.0475,322241,815:77,816:9,817:60,818:89,819:77,820:238,821:143,822:115,823:103,824:590,825:589,826:365,827:251,828:230,829:108,830:169,832:1
2026-08-04|1,207.19,207.72,204.8,206.16,275305,820:115,821:167,822:151,823:415,824:826,825:268,826:97,827:121,828:267,829:205,830:108,831:2,832:3
2026-08-05|0,214.5,217.5,212.9367,215.425,314501,853:5,854:73,855:82,856:134,857:153,858:144,859:40,860:101,861:164,862:385,863:412,864:113,865:335,866:260,867:396,868:252,869:89
2026-08-05|1,215.24,215.825,213.255,215.33,489836,853:47,854:224,855:166,856:1105,857:1514,858:180,859:410,860:434,861:63,862:749
2026-08-06|0,215.09,217.36,213.04,214.62,199170,852:37,853:112,854:149,855:99,856:139,857:106,858:128,859:142,860:53,861:141,862:57,863:131,864:307,865:101,866:205,867:37,868:34,869:6
2026-08-06|1,214.625,219.295,214.45,218.11,328446,858:24,859:15,860:28,861:54,862:175,863:46,864:90,865:192,866:472,867:410,868:209,869:300,870:219,871:124,872:520,873:230,874:166
2026-08-07|0,228.58,230.81,227.38,228.54,313557,910:89,911:122,912:208,913:142,914:209,915:665,916:295,917:297,918:397,919:228,920:124,921:231,922:119,923:3
2026-08-07|1,228.59,230.25,227.335,229.92,294863,910:52,911:165,912:402,913:281,914:346,915:419,916:249,917:87,918:388,919:407,920:147
2026-08-10|0,228.54,233.37,227.99,232.73,238928,912:42,914:106,915:57,916:113,917:86,918:62,919:112,920:99,922:3,923:86,924:71,925:60,926:144,927:133,928:440,929:206,930:212,931:190,932:121,933:37
2026-08-10|1,232.78,235.14,232.41,234.14,280958,929:18,930:208,931:118,932:88,933:190,934:523,935:478,936:733,937:113,938:147,939:142,940:45
2026-08-11|0,232.96,235.59,231.552,233.11,227356,927:18,928:30,929:39,930:112,931:207,932:359,933:585,934:388,935:141,936:130,937:167,938:44,939:2,940:30,942:14
2026-08-11|1,233.18,233.72,231.715,233.58,306377,927:252,928:20,929:358,930:329,931:387,932:566,933:728,934:416,935:4
2026-08-12|0,238.18,238.235,233.5,234.04,249264,934:8,935:26,936:116,937:91,938:214,939:155,940:222,941:181,942:75,943:387,944:293,945:118,946:142,947:133,948:31,949:19,950:64,951:164,952:43
2026-08-12|1,233.99,234.52,232.5,232.87,274285,931:688,932:418,933:217,934:574,935:213,936:264,937:354,938:6,940:1,941:2,942:1
2026-08-13|0,229.69,230.7537,226.01,226.7,356617,904:48,905:249,906:40,907:113,908:48,909:10,910:181,911:309,912:304,913:223,914:270,915:355,916:548,917:312,918:447,919:65,920:14,921:8,922:13
2026-08-13|1,226.705,227.44,225.28,225.84,337475,902:296,903:292,904:1097,905:756,906:464,907:330,908:112,909:18,910:1,911:2,912:2
2026-08-14|0,228.29,233.56,226.44,230.5,187589,911:150,914:31,920:17,921:138,922:181,923:269,924:103,925:177,926:184,927:135,928:96,929:92,930:102,931:67,932:104,934:21
2026-08-14|1,230.555,231.73,230.13,230.61,207183,920:19,921:262,922:828,923:559,924:187,925:113,926:86,927:8,928:6
2026-08-17|0,232.6,236.22,230.91,235.88,209925,924:11,925:25,926:45,927:14,928:4,929:19,930:214,931:10,934:14,935:47,936:250,937:182,938:413,939:96,940:230,941:191,942:69,943:191,944:56,945:2,946:7
2026-08-17|1,235.88,236.79,234.4501,236.64,215798,938:27,939:82,940:190,941:393,942:259,943:548,944:261,945:19,946:374,948:1
2026-08-18|0,233.79,235.7796,229.85,231.78,219076,919:6,920:90,921:9,922:88,923:56,924:60,925:17,926:124,927:91,928:78,929:39,930:11,931:116,932:189,933:298,934:202,935:224,936:59,937:53,938:247,939:22,940:9,941:89,942:3
2026-08-18|1,231.74,232.05,230.335,230.46,160232,921:138,922:235,923:161,924:226,925:218,926:339,927:241,928:27,929:8,930:3,932:1
2026-08-19|0,241.23,249.05,240.89,247.67,292513,964:111,966:19,967:42,968:29,969:11,970:5,971:10,972:28,974:85,975:20,976:73,977:15,978:23,979:51,980:74,981:269,982:65,983:56,984:95,985:106,986:86,988:79,989:243,990:217,991:202,992:328,993:241,994:191,995:137
2026-08-19|1,247.54,248.22,244.52,248.21,271273,979:125,980:158,981:63,982:164,983:326,984:216,985:53,986:86,987:379,988:551,989:170,990:79,991:136,992:199
2026-08-20|0,246.4,254.31,246.2978,252.8,191797,986:78,992:3,993:5,996:40,997:34,998:61,999:166,1000:100,1001:66,1002:64,1003:96,1004:27,1005:75,1006:82,1007:29,1008:37,1009:45,1010:105,1011:199,1012:78,1013:86,1014:215,1015:161,1016:54
2026-08-20|1,252.74,253.82,251.25,252.44,259876,1005:8,1006:214,1007:400,1008:339,1009:649,1010:502,1011:133,1012:38,1013:98,1014:188,1015:10,1016:14
2026-08-21|0,257.98,259.95,255.05,259.49,358178,1021:13,1022:13,1023:56,1024:96,1025:106,1026:257,1027:236,1028:359,1029:103,1030:256,1031:198,1032:108,1033:683,1034:274,1035:393,1036:52,1037:178,1038:128,1039:62
2026-08-21|1,259.46,259.82,257.74,259.01,352333,1031:20,1032:120,1033:115,1034:264,1035:362,1036:1432,1037:811,1038:387,1039:3,1040:3
2026-08-24|0,260.97,263.0,257.84,261.08,231422,1031:16,1033:14,1034:53,1035:85,1036:97,1037:74,1038:81,1039:94,1040:104,1041:307,1042:161,1043:363,1044:374,1045:194,1046:45,1047:35,1048:82,1049:58,1050:68
2026-08-24|1,260.995,264.47,260.31,263.78,264275,1041:22,1042:36,1043:150,1044:119,1045:232,1046:257,1047:146,1048:25,1049:221,1050:204,1051:168,1052:208,1053:42,1054:185,1055:377,1056:243
2026-08-25|0,260.16,266.87,259.07,266.2701,179481,1040:131,1043:3,1045:6,1046:23,1047:30,1048:51,1049:50,1050:68,1051:55,1052:137,1053:38,1054:156,1055:21,1056:12,1057:45,1058:161,1059:89,1060:77,1061:137,1062:63,1063:140,1064:146,1065:91,1066:53
2026-08-25|1,266.22,267.81,264.99,267.76,170792,1060:7,1061:56,1062:117,1063:48,1064:222,1065:267,1066:36,1067:54,1068:378,1069:264,1070:252
