entry_bar,exit_bar,symbol,direction,size,entry_price,exit_price,exit_rule,pnl_dollars,pnl_r
2026-02-18|1,2026-02-19|0,WMT,short,219,126.60,128.88,6.1 trailing stop,-500.00,-1.000
2026-02-24|0,2026-02-25|1,RGLD,long,47,291.56,287.24,6.1 trailing stop,-206.34,-0.413
2026-02-26|1,2026-02-27|0,JPM,long,196,306.17,300.00,6.1 trailing stop,-1214.57,-2.429
2026-02-26|1,2026-02-27|0,UNH,long,326,286.75,284.70,6.1 trailing stop,-669.93,-1.340
2026-02-26|1,2026-02-27|0,WMT,short,170,124.41,127.34,6.1 trailing stop,-500.00,-1.000
2026-02-27|1,2026-03-02|0,NEM,long,442,130.02,128.89,6.1 trailing stop,-500.00,-1.000
2026-02-27|1,2026-03-02|0,RGLD,long,73,299.87,293.09,6.1 trailing stop,-500.00,-1.000
2026-03-04|0,2026-03-05|0,JPM,short,166,298.01,301.01,6.1 trailing stop,-500.00,-1.000
2026-03-06|1,2026-03-09|1,CAT,short,31,680.60,696.34,6.1 trailing stop,-35.58,-0.071
2026-03-09|0,2026-03-09|1,JPM,short,161,285.21,288.30,6.1 trailing stop,-500.00,-1.000
2026-03-09|0,2026-03-09|1,XOM,long,241,151.72,149.65,6.1 trailing stop,-500.00,-1.000
2026-03-10|1,2026-03-12|0,UNH,short,95,282.38,284.77,6.2 migration reversal (next open),-229.37,-0.459
2026-03-13|0,2026-03-16|0,CAT,short,35,693.00,705.37,6.1 trailing stop,-443.69,-0.887
2026-03-13|0,2026-03-16|0,XOM,long,131,155.41,155.84,6.1 trailing stop,56.73,0.113
2026-03-13|1,2026-03-17|0,RGLD,short,39,259.07,254.82,6.3 failed auction (next open),220.93,0.442
2026-03-17|0,2026-03-18|0,UNH,long,416,286.03,285.20,6.2 migration reversal (next open),118.75,0.238
2026-03-19|1,2026-03-23|0,DIS,short,318,99.22,100.22,6.3 failed auction (next open),-318.47,-0.637
2026-03-20|0,2026-03-23|0,NEM,short,141,96.34,96.21,6.1 trailing stop,143.36,0.287
2026-03-20|0,2026-03-23|0,RGLD,short,70,218.91,219.88,6.1 trailing stop,115.49,0.231
2026-03-24|1,2026-03-26|0,WMT,long,310,122.09,122.97,6.1 trailing stop,273.29,0.547
2026-03-25|1,2026-03-30|0,DIS,short,409,95.97,92.89,6.1 trailing stop,795.08,1.590
2026-04-01|1,2026-04-02|1,UNH,long,157,273.93,276.14,6.1 trailing stop,366.35,0.733
2026-04-02|0,2026-04-06|0,NEM,long,97,113.93,113.62,6.1 trailing stop,-30.16,-0.060
2026-04-02|0,2026-04-06|0,RGLD,long,53,261.39,262.24,6.1 trailing stop,45.21,0.090
2026-04-02|1,2026-04-06|0,XOM,short,80,160.67,162.23,6.2 migration reversal,-125.00,-0.250
2026-04-08|1,2026-04-10|0,JPM,long,185,308.01,310.00,6.1 trailing stop,369.89,0.740
2026-04-08|1,2026-04-09|0,NEM,long,303,118.15,118.52,6.3 failed auction,112.12,0.224
2026-04-09|1,2026-04-10|0,CAT,long,35,787.22,789.77,6.3 failed auction,229.11,0.458
2026-04-10|1,2026-04-13|0,NEM,long,375,120.84,118.22,6.1 trailing stop,-984.96,-1.970
2026-04-13|1,2026-04-14|1,XOM,short,909,152.56,148.96,6.1 trailing stop,1840.91,3.682
2026-04-16|0,2026-04-16|1,CAT,short,72,764.04,770.92,6.1 trailing stop,-500.00,-1.000
2026-04-20|1,2026-04-21|1,CAT,long,73,798.48,807.74,6.1 trailing stop,508.88,1.018
2026-04-21|1,2026-04-23|0,WMT,long,234,129.60,130.57,6.3 failed auction (next open),227.70,0.455
2026-04-22|1,2026-04-23|0,RGLD,short,62,251.43,251.91,6.2 migration reversal,-29.58,-0.059
2026-04-23|0,2026-04-24|0,XOM,long,657,149.16,149.64,6.1 trailing stop,404.61,0.809
2026-04-28|1,2026-04-29|1,RGLD,short,79,236.85,232.09,6.1 trailing stop,317.05,0.634
2026-04-29|0,2026-04-30|0,UNH,long,155,368.21,368.19,6.1 trailing stop,134.74,0.269
2026-04-30|1,2026-05-01|0,XOM,long,163,154.39,151.33,6.1 trailing stop,-500.00,-1.000
2026-05-01|0,2026-05-01|1,WMT,long,1388,131.80,131.44,6.1 trailing stop,-500.00,-1.000
2026-05-04|1,2026-05-05|0,NEM,short,214,108.33,110.66,6.1 trailing stop,-500.00,-1.000
2026-05-05|1,2026-05-06|0,DIS,short,406,100.51,106.52,6.1 trailing stop,-2443.09,-4.886
2026-05-06|1,2026-05-07|0,JPM,long,141,314.88,311.34,6.1 trailing stop,-500.00,-1.000
2026-05-08|0,2026-05-11|0,XOM,short,282,145.04,146.02,6.1 trailing stop,9.89,0.020
2026-05-11|0,2026-05-12|1,JPM,short,55,299.94,302.76,6.1 trailing stop,-155.63,-0.311
2026-05-11|0,2026-05-13|0,UNH,long,69,379.50,394.09,6.1 trailing stop,665.51,1.331
2026-05-11|1,2026-05-13|0,DIS,short,135,104.71,105.35,6.2 migration reversal (next open),-86.72,-0.173
2026-05-12|1,2026-05-13|0,XOM,long,561,150.65,149.76,6.1 trailing stop,-500.00,-1.000
2026-05-19|0,2026-05-20|0,XOM,long,74,161.91,161.61,6.1 trailing stop,-22.42,-0.045
2026-05-19|1,2026-05-20|0,CAT,short,52,860.39,871.22,6.1 trailing stop,-571.20,-1.142
2026-05-21|1,2026-05-26|0,JPM,long,179,302.98,306.29,6.1 trailing stop,513.49,1.027
2026-05-22|0,2026-05-26|0,XOM,short,210,154.21,153.50,6.3 failed auction (next open),149.16,0.298
2026-05-26|1,2026-05-27|0,DIS,short,980,103.30,103.81,6.1 trailing stop,-500.00,-1.000
2026-05-27|1,2026-05-28|0,XOM,short,704,147.99,149.34,6.1 trailing stop,-950.70,-1.901
2026-05-28|1,2026-05-29|0,NEM,short,1063,108.24,108.71,6.1 trailing stop,-500.00,-1.000
2026-06-01|0,2026-06-01|1,DIS,short,549,101.76,102.67,6.1 trailing stop,-500.00,-1.000
2026-06-01|1,2026-06-02|0,CAT,short,59,865.34,876.67,6.1 trailing stop,-671.21,-1.342
2026-06-03|1,2026-06-04|0,RGLD,short,150,216.73,220.05,6.1 trailing stop,-500.00,-1.000
2026-06-03|1,2026-06-04|0,XOM,long,185,152.70,153.13,6.2 migration reversal,79.93,0.160
2026-06-05|0,2026-06-08|0,JPM,long,555,310.49,313.25,6.3 failed auction (next open),1183.33,2.367
2026-06-08|0,2026-06-09|0,NEM,short,200,99.77,100.01,6.1 trailing stop,-48.19,-0.096
2026-06-09|0,2026-06-10|0,UNH,long,76,408.86,410.89,6.1 trailing stop,224.77,0.450
2026-06-10|1,2026-06-11|0,CAT,short,10,856.17,883.00,6.2 migration reversal,-269.16,-0.538
2026-06-11|0,2026-06-11|1,DIS,short,632,98.78,99.57,6.1 trailing stop,-500.00,-1.000
2026-06-12|0,2026-06-15|1,XOM,short,219,148.38,141.63,6.1 trailing stop,986.84,1.974
2026-06-12|1,2026-06-15|1,RGLD,long,132,207.52,215.10,6.1 trailing stop,636.75,1.273
2026-06-15|0,2026-06-15|1,JPM,long,213,321.34,319.00,6.1 trailing stop,-500.00,-1.000
2026-06-15|1,2026-06-17|0,NEM,long,666,105.79,108.18,6.3 failed auction (next open),1496.67,2.993
2026-06-15|1,2026-06-16|0,UNH,long,43,411.19,411.57,6.2 migration reversal,16.45,0.033
2026-06-23|1,2026-06-24|0,JPM,long,72,334.14,333.01,6.2 migration reversal,-81.41,-0.163
2026-06-23|1,2026-06-25|0,NEM,short,347,97.79,95.61,6.1 trailing stop,534.72,1.069
2026-06-29|1,2026-07-01|0,JPM,short,185,329.44,328.37,6.1 trailing stop,321.30,0.643
2026-06-30|1,2026-07-01|0,NEM,short,357,93.36,94.76,6.1 trailing stop,-500.00,-1.000
2026-07-02|1,2026-07-06|0,CAT,short,13,963.34,973.25,6.2 migration reversal,-130.57,-0.261
2026-07-02|1,2026-07-07|0,JPM,long,190,334.38,337.81,6.3 failed auction,499.05,0.998
2026-07-07|0,2026-07-07|1,WMT,long,1282,111.88,111.49,6.1 trailing stop,-500.00,-1.000
2026-07-08|0,2026-07-08|1,UNH,long,160,427.70,424.58,6.1 trailing stop,-500.00,-1.000
2026-07-10|0,2026-07-10|1,XOM,short,450,137.65,138.76,6.1 trailing stop,-500.00,-1.000
2026-07-14|0,2026-07-15|0,XOM,long,877,144.44,145.09,6.3 failed auction (next open),570.18,1.140
2026-07-15|0,2026-07-15|1,WMT,long,342,114.63,113.17,6.1 trailing stop,-500.00,-1.000
2026-07-17|0,2026-07-21|0,JPM,short,179,343.35,340.12,6.1 trailing stop,450.72,0.901
2026-07-20|0,2026-07-21|0,NEM,short,574,90.09,91.43,6.1 trailing stop,-212.64,-0.425
2026-07-20|1,2026-07-21|0,RGLD,short,227,187.36,190.37,6.1 trailing stop,-684.09,-1.368
2026-07-21|0,2026-07-22|0,DIS,short,1086,96.50,97.12,6.2 migration reversal (next open),-173.91,-0.348
2026-07-21|1,2026-07-22|1,WMT,short,344,110.36,109.60,6.1 trailing stop,332.76,0.666
2026-07-22|1,2026-07-23|0,JPM,long,122,348.32,347.82,6.3 failed auction,-61.27,-0.123
2026-07-22|1,2026-07-23|0,RGLD,long,131,201.34,197.55,6.1 trailing stop,-500.00,-1.000
2026-07-23|1,2026-07-27|0,UNH,short,71,423.54,422.51,6.1 trailing stop,187.86,0.376
2026-07-27|1,2026-07-29|0,JPM,long,138,356.18,355.79,6.1 trailing stop,-54.02,-0.108
2026-07-30|1,2026-08-03|1,UNH,short,86,421.57,417.56,6.1 trailing stop,491.35,0.983
2026-08-03|1,2026-08-04|1,CAT,long,18,830.98,877.49,6.1 trailing stop,567.85,1.136
2026-08-03|1,2026-08-04|1,JPM,long,172,352.59,358.19,6.1 trailing stop,767.24,1.534
2026-08-04|0,2026-08-05|0,DIS,long,396,98.46,101.99,6.3 failed auction (next open),1400.79,2.802
2026-08-04|1,2026-08-05|1,RGLD,long,197,206.16,215.24,6.1 trailing stop,1070.37,2.141
2026-08-07|1,2026-08-10|0,DIS,long,416,104.89,103.69,6.1 trailing stop,-500.00,-1.000
2026-08-07|1,2026-08-11|0,RGLD,long,192,229.92,232.96,6.1 trailing stop,461.46,0.923
2026-08-11|1,2026-08-12|1,NEM,long,312,117.21,118.49,6.1 trailing stop,450.00,0.900
2026-08-13|1,2026-08-14|0,WMT,long,531,115.74,114.80,6.1 trailing stop,-500.00,-1.000
2026-08-14|1,2026-08-17|0,CAT,short,66,856.56,864.12,6.1 trailing stop,-500.00,-1.000
2026-08-17|1,2026-08-18|0,NEM,long,292,120.34,118.31,6.1 trailing stop,-593.57,-1.187
2026-08-18|1,2026-08-19|1,XOM,long,210,165.62,166.31,6.1 trailing stop,198.53,0.397
2026-08-21|0,2026-08-25|0,DIS,long,625,107.21,110.09,6.1 trailing stop,1212.50,2.425
2026-08-21|0,2026-08-24|0,WMT,short,328,102.94,104.46,6.1 trailing stop,-500.00,-1.000
