date,ticker,close,ret_21d,ret_63d,net_prem_5d,flow_z,flow_state,dp_prints,dp_premium,dp_largest,dp_at_or_above_close,gex_call_gamma,gex_put_gamma,gex_net_gamma
2026-08-07,NVDA,223.96,0.1044,0.0589,40194536.0,1.26,normal,,,,,7030090.0,-2379984.0,4650106.0
2026-08-07,PLTR,172.01,0.333,0.2551,40895602.0,3.13,euphoria,,,,,1686845.0,-644209.0,1042636.0
2026-08-07,TSLA,328.58,-0.1918,-0.2021,-2938641.0,0.32,normal,,,,,1269593.0,-830624.0,438969.0
2026-08-07,JPM,357.52,0.0657,0.1673,-838973.0,-0.85,normal,,,,,302308.0,-146310.0,155998.0
2026-08-07,NEE,84.65,-0.0281,-0.0929,-301209.0,-0.32,normal,,,,,549741.0,-615374.0,-65633.0
2026-08-10,NVDA,223.85,0.0611,0.0402,26227377.0,0.83,normal,47,92632753.0,9265780.0,0.0,5596954.0,-2333325.0,3263629.0
2026-08-10,TSLA,330.25,-0.1901,-0.229,-6824715.0,0.24,normal,50,91828658.0,5774029.0,0.74,1022406.0,-729779.0,292627.0
2026-08-10,PLTR,178.15,0.4051,0.2928,44717297.0,3.39,euphoria,50,87103742.0,3880200.0,0.98,1094463.0,-422326.0,672137.0
2026-08-10,JPM,357.6,0.0628,0.1837,-1391956.0,-1.2,normal,50,378157548.0,80167500.0,0.58,265174.0,-107251.0,157923.0
2026-08-10,NEE,84.6,-0.0382,-0.0913,-250544.0,-0.32,normal,50,443858046.0,179080688.0,0.62,539908.0,-552501.0,-12593.0
2026-08-11,TSLA,331.77,-0.1596,-0.2544,-3252152.0,0.37,normal,5,50433468.0,28039764.0,0.2,976229.0,-713882.0,262346.0
2026-08-11,NVDA,220.68,0.0843,0.0057,14055778.0,0.47,normal,5,430801701.0,182986961.0,0.0,5655313.0,-2583859.0,3071454.0
2026-08-11,PLTR,174.92,0.3451,0.2778,11624902.0,1.07,normal,8,137138392.0,108664504.0,0.88,1260698.0,-655406.0,605291.0
2026-08-11,JPM,360.76,0.0784,0.2026,-836351.0,-0.9,normal,5,166247847.0,63574893.0,0.2,282650.0,-106682.0,175968.0
2026-08-11,NEE,85.39,-0.0338,-0.0996,-391902.0,-0.34,normal,8,118271610.0,58295368.0,0.0,610107.0,-564304.0,45804.0
2026-08-12,TSLA,334.82,-0.1549,-0.2275,2686667.0,0.58,normal,3,5490105.0,2815905.0,0.33,968609.0,-722915.0,245694.0
2026-08-12,NVDA,220.5,0.0411,-0.0013,-15600232.0,-0.42,normal,2,4560352.0,3458102.0,1.0,5659782.0,-2676955.0,2982827.0
2026-08-12,PLTR,171.93,0.2858,0.2642,10521310.0,0.92,normal,2,14807769.0,13557850.0,1.0,1233819.0,-591472.0,642347.0
2026-08-12,JPM,362.34,0.0567,0.1885,36463.0,-0.41,normal,2,4996514.0,2524867.0,1.0,286872.0,-103881.0,182992.0
2026-08-12,NEE,85.32,-0.0471,-0.098,-241291.0,-0.32,normal,2,12964059.0,8291229.0,1.0,658758.0,-518907.0,139851.0
2026-08-13,TSLA,325.6,-0.1746,-0.2688,-2330677.0,0.47,normal,50,204751163.0,41148384.0,1.0,1147299.0,-813900.0,333399.0
2026-08-14,NVDA,225.16,0.0856,-0.0449,-17582859.0,-0.48,normal,50,723964354.0,157612000.0,0.96,7059170.0,-2689038.0,4370133.0
2026-08-13,PLTR,172.02,0.2861,0.3228,9452570.0,0.78,normal,50,163209662.0,53094000.0,1.0,1470531.0,-692435.0,778096.0
2026-08-14,JPM,362.84,0.0574,0.2098,-217473.0,-0.62,normal,50,211695108.0,61682800.0,0.98,344842.0,-126137.0,218705.0
2026-08-13,NEE,85.6,-0.0393,-0.0975,-44665.0,-0.29,normal,50,250674528.0,25734000.0,1.0,758145.0,-560484.0,197662.0
2026-08-19,TSLA,337.78,-0.1086,-0.1641,-866000.0,0.62,normal,2,2021790.0,1014300.0,0.5,918261.0,-788501.0,129761.0
2026-08-19,NVDA,221.4,0.0681,0.0036,-4115642.0,0.04,normal,1,1145871.0,1145871.0,1.0,5539287.0,-2847454.0,2691833.0
2026-08-19,PLTR,171.05,0.2894,0.2646,640648.0,0.1,normal,1,1744914.0,1744914.0,1.0,1239826.0,-723328.0,516498.0
2026-08-19,JPM,363.61,0.0532,0.2297,-406304.0,-0.76,normal,1,25790750.0,25790750.0,1.0,281118.0,-126993.0,154125.0
2026-08-19,NEE,86.79,-0.013,-0.0363,50501.0,-0.27,normal,1,1373657.0,1373657.0,0.0,747142.0,-646573.0,100569.0
2026-09-24,TSLA,375.9,0.0732,0.0021,15360232.0,0.88,normal,2,110409245.0,109269245.0,1.0,,,
2026-09-24,NVDA,222.23,0.0431,0.1353,13532999.0,0.68,normal,2,35308050.0,33089250.0,0.0,,,
2026-09-24,PLTR,191.56,0.109,0.7857,-5430376.0,-0.25,normal,2,22490368.0,15015173.0,0.5,,,
2026-09-24,JPM,336.92,-0.0554,0.0054,-559467.0,-0.49,normal,2,14564163.0,13448400.0,0.5,,,
2026-09-24,NEE,76.03,-0.0972,-0.1331,-520148.0,-0.95,normal,2,12534919.0,7624000.0,1.0,,,
2026-09-25,TSLA,381.33,0.1027,0.0043,15743819.0,0.9,normal,4,4858814.0,1564970.0,1.0,,,
2026-09-25,NVDA,225.75,0.0767,0.1725,12460048.0,0.62,normal,4,73059376.0,49999593.0,0.0,,,
2026-09-25,PLTR,192.0,0.0817,0.7002,-2263053.0,-0.1,normal,3,14216994.0,7973611.0,1.0,,,
2026-09-25,JPM,340.36,-0.0453,0.0344,-1275146.0,-0.96,normal,3,9544345.0,6128613.0,0.0,,,
2026-09-25,NEE,75.86,-0.0993,-0.1434,-345373.0,-0.56,normal,3,6728426.0,2805412.0,0.33,,,
2026-09-28,TSLA,369.71,0.042,-0.1023,-836517.0,0.3,normal,4,4842602.0,1730024.0,0.75,,,
2026-09-28,NVDA,229.64,0.0073,0.1778,-9187370.0,-0.29,normal,5,13386379.0,3823263.0,0.4,,,
2026-09-28,PLTR,186.59,0.0035,0.6127,-5076881.0,-0.34,normal,3,44604315.0,31703910.0,1.0,,,
2026-09-28,JPM,342.49,-0.0331,0.0398,-1231169.0,-0.92,normal,3,545076713.0,299999109.0,1.0,,,
2026-09-28,NEE,76.5,-0.0835,-0.1372,-764270.0,-1.53,capitulation,3,4586635.0,2189126.0,0.0,,,
2026-09-29,TSLA,358.47,0.0279,-0.1477,-25906597.0,-0.6,normal,37,59232223.0,4239600.0,0.14,,,
2026-09-29,NVDA,230.43,0.0592,0.1516,-16103412.0,-0.61,normal,50,112642547.0,14354284.0,0.62,,,
2026-09-29,PLTR,187.4,0.006,0.6062,-6592265.0,-0.46,normal,3,3975998.0,1528917.0,0.67,,,
2026-09-29,JPM,337.23,-0.057,0.0302,887213.0,0.54,normal,1,1811700.0,1811700.0,0.0,,,
2026-09-29,NEE,75.65,-0.0756,-0.1381,-640223.0,-1.23,normal,1,4491604.0,4491604.0,0.0,,,
2026-10-01,TSLA,356.77,0.0019,-0.0932,-31169997.0,-0.79,normal,50,640014099.0,119172873.0,0.0,922499.0,-906082.0,16418.0
2026-10-01,NVDA,230.11,0.0583,0.1811,-8563067.0,-0.34,normal,50,1025987697.0,296254993.0,0.0,6492246.0,-2880880.0,3611366.0
2026-10-01,PLTR,189.2,0.0516,0.4633,-5060059.0,-0.36,normal,50,681008697.0,279553333.0,0.0,963040.0,-578801.0,384239.0
2026-10-01,JPM,329.49,-0.0717,-0.0149,1314848.0,0.84,normal,50,450285944.0,98256510.0,0.0,204234.0,-200479.0,3755.0
2026-10-01,NEE,76.09,-0.0825,-0.1387,-159984.0,-0.06,normal,50,372665777.0,121779847.0,0.0,619284.0,-932634.0,-313349.0
2026-10-02,TSLA,361.41,0.0123,-0.139,-22089872.0,-0.45,normal,3,3720204.0,1448000.0,0.67,927925.0,-753975.0,173950.0
2026-10-02,NVDA,235.52,0.0495,0.2044,-3710782.0,-0.15,normal,2,32432708.0,31350788.0,0.0,5955423.0,-2807700.0,3147723.0
2026-10-02,PLTR,192.98,0.1388,0.456,-841492.0,-0.06,normal,1,1073592.0,1073592.0,0.0,1028349.0,-581105.0,447244.0
2026-10-02,JPM,335.7,-0.0576,-0.006,1883232.0,1.22,normal,2,32276479.0,17283379.0,0.0,186724.0,-245782.0,-59058.0
2026-10-02,NEE,76.88,-0.0748,-0.1208,180559.0,0.75,normal,2,97479939.0,76350000.0,0.0,608902.0,-940708.0,-331806.0
2026-10-05,TSLA,369.07,-0.0194,-0.084,6264278.0,0.62,normal,5,10719478.0,3490430.0,1.0,980941.0,-722785.0,258156.0
2026-10-05,NVDA,235.6,0.0313,0.1964,-5074909.0,-0.21,normal,5,31316226.0,18540724.0,1.0,5813870.0,-2412410.0,3401460.0
2026-10-05,PLTR,189.15,0.0363,0.4077,909538.0,0.08,normal,4,8329665.0,4370000.0,0.5,914470.0,-517648.0,396822.0
2026-10-05,JPM,332.65,-0.0812,-0.0194,835401.0,0.53,normal,4,7302002.0,2321550.0,0.25,228842.0,-190801.0,38041.0
2026-10-05,NEE,77.0,-0.084,-0.1296,-154296.0,-0.0,normal,3,5073013.0,1938563.0,0.0,546954.0,-864944.0,-317990.0
2026-10-06,TSLA,382.12,0.0792,-0.0303,23167139.0,1.28,normal,6,585975889.0,578457053.0,0.67,1045205.0,-627405.0,417799.0
2026-10-06,NVDA,241.62,0.0489,0.1837,10442805.0,0.42,normal,5,1579091795.0,1080055194.0,0.4,6101860.0,-1983311.0,4118549.0
2026-10-06,PLTR,191.04,0.0959,0.4449,213837.0,0.06,normal,5,538695457.0,380326375.0,0.0,1033288.0,-506671.0,526617.0
2026-10-06,JPM,332.45,-0.073,0.0055,492999.0,0.3,normal,6,145353995.0,49277662.0,0.83,239866.0,-213695.0,26171.0
2026-10-06,NEE,77.0,-0.0771,-0.1194,-152427.0,0.03,normal,6,500369779.0,242821369.0,0.0,679563.0,-845612.0,-166049.0
2026-10-07,TSLA,377.57,0.0256,-0.0713,27726980.0,1.47,normal,6,64014961.0,56984370.0,0.83,1045205.0,-627405.0,417799.0
2026-10-07,NVDA,237.15,0.0506,0.1695,-5583454.0,-0.22,normal,5,510070282.0,299050000.0,0.6,6101860.0,-1983311.0,4118549.0
2026-10-07,PLTR,192.4,0.1298,0.491,1644094.0,0.18,normal,4,110778703.0,82411475.0,0.25,1033288.0,-506671.0,526617.0
2026-10-07,JPM,327.0,-0.075,-0.0252,684242.0,0.45,normal,4,263787888.0,147856890.0,1.0,239866.0,-213695.0,26171.0
2026-10-07,NEE,77.95,-0.0701,-0.1051,-57605.0,0.24,normal,4,401680102.0,242821369.0,0.25,679563.0,-845612.0,-166049.0
